Order_ID,Order_Date,Region,Segment,Category,Sub_Category,Sales,Quantity,Profit,Discount
10001,2023-04-13,Central,Consumer,Furniture,Chair,50000.0,6,-97.63,0.0
10002,2024-03-11,Central,Corporate,Furniture,Bookshelf,970.45,-5,226.06,0.0
10003,2023-09-28,,Home Office,Technology,Mouse,5050.17,9,-51.88,0.0
10004,2023-04-17,Central,Corporate,Office Supplies,Binder,89.04,5,20.21,0.0
10005,2023-03-13,South,Home Office,Technology,Laptop,1172.16,2,-72.5,0.0
10006,2024-12-01,South,Consumer,Technology,Phone,1960.05,4,68.57,0.2
10007,2023-01-21,West,Home Office,Furniture,Table,2066.9,9,-137.63,0.0
10008,2024-09-06,East,Consumer,Office Supplies,Paper,17.69,1,3.56,0.0
10009,2023-05-02,Central,Consumer,Furniture,Sofa,164.1,1,15.92,0.0
10010,2024-04-11,West,Corporate,Technology,Phone,3418.95,7,115.43,0.0
10011,2023-08-03,West,Corporate,Office Supplies,Art,57.47,3,6.44,0.2
10012,2023-11-27,West,Corporate,Technology,Monitor,864.55,2,111.35,0.0
10013,2024-04-03,,Corporate,Furniture,Sofa,2019.91,9,412.19,0.1
10014,2023-03-29,Central,Home Office,Office Supplies,Art,51.69,3,-2.08,0.0
10015,2024-01-08,Central,Home Office,Furniture,Sofa,362.91,2,16.12,0.0
10016,2023-04-10,East,Home Office,Technology,Phone,3853.53,8,662.34,0.0
10017,2024-10-25,Central,Consumer,Furniture,Table,987.21,6,-85.03,0.0
10018,2023-05-11,Central,Home Office,Office Supplies,Binder,114.81,6,20.54,0.0
10019,2024-10-23,West,Home Office,Furniture,Chair,1228.32,7,192.36,0.0
10020,2023-11-05,East,Home Office,Furniture,Bookshelf,1265.5,7,321.99,0.0
10021,2023-12-10,Central,Corporate,Technology,Laptop,3474.83,6,65.73,0.1
10022,2024-05-06,South,Home Office,Office Supplies,Paper,71.36,4,4.6,0.0
10023,2024-02-18,Central,Consumer,Furniture,Chair,1613.18,9,272.55,0.0
10024,2024-01-21,,Corporate,Office Supplies,Pen,135.65,6,22.96,0.0
10025,2023-07-11,South,Consumer,Office Supplies,Art,90.38,4,5.31,0.0
10026,2023-10-04,West,Home Office,Technology,Mouse,1293.79,3,252.52,0.1
10027,2023-06-10,Central,Corporate,Office Supplies,Art,75.54,4,12.73,0.0
10028,2024-04-04,South,Consumer,Technology,Phone,1362.39,3,-91.97,0.0
10029,2023-11-10,East,Home Office,Office Supplies,Pen,47.88,2,-1.8,0.2
10030,2023-01-22,East,Consumer,Technology,Monitor,2988.42,5,869.37,0.0
10031,2023-09-10,,Consumer,Technology,Phone,1117.53,2,183.02,0.0
10032,2024-07-14,South,Consumer,Furniture,Chair,1237.35,6,304.93,0.0
10033,2024-04-19,West,Home Office,Furniture,Bookshelf,549.47,3,47.84,0.0
10034,2023-02-28,South,Home Office,Technology,Laptop,3143.27,6,202.67,0.1
10035,2024-05-25,West,Consumer,Office Supplies,Pen,174.78,9,5.61,0.1
10036,2024-11-12,Central,Corporate,Technology,Monitor,512.85,1,123.2,0.2
10037,2024-04-20,West,Corporate,Technology,Laptop,2641.83,6,723.26,0.0
10038,2024-11-30,South,Home Office,Office Supplies,Binder,193.61,9,44.4,0.0
10039,2023-07-09,South,Home Office,Technology,Monitor,2044.95,4,433.13,0.1
10040,2024-11-17,Central,Home Office,Office Supplies,Art,32.26,2,7.33,0.0
10041,2024-07-16,South,Home Office,Technology,Monitor,1632.11,4,417.76,0.0
10042,2024-07-20,South,Home Office,Furniture,Chair,239.36,1,4.22,0.0
10043,2023-09-01,East,Corporate,Office Supplies,Binder,53.05,3,10.94,0.0
10044,2024-05-19,East,Home Office,Technology,Mouse,4055.45,9,998.55,0.0
10045,2023-05-11,Central,Consumer,Furniture,Table,841.14,5,-41.74,0.1
10046,2024-04-29,West,Consumer,Furniture,Chair,1429.99,6,242.43,0.1
10047,2024-10-08,East,Corporate,Furniture,Chair,683.25,3,20.31,0.0
10048,2023-01-21,West,Consumer,Technology,Monitor,2676.48,5,368.54,0.0
10049,2023-06-16,South,Corporate,Furniture,Table,1666.02,8,288.24,0.0
10050,2023-10-01,,Corporate,Office Supplies,Paper,123.62,6,8.85,0.1
10051,2024-01-23,Central,Consumer,Office Supplies,Pen,72.83,4,15.11,0.0
10052,2024-08-23,Central,Home Office,Technology,Laptop,890.51,2,157.57,0.1
10053,2023-11-12,Central,Consumer,Furniture,Table,1608.0,9,241.41,0.0
10054,2023-01-14,East,Consumer,Office Supplies,Pen,21.98,1,-0.28,0.0
10055,2023-08-30,West,Corporate,Technology,Monitor,411.99,1,-19.61,0.0
10056,2023-12-12,South,Consumer,Furniture,Sofa,833.92,4,199.96,0.1
10057,2024-07-18,West,Corporate,Technology,Phone,2863.0,7,554.45,0.0
10058,2023-12-06,West,Home Office,Furniture,Chair,187.31,1,17.12,0.0
10059,2023-04-02,South,Home Office,Technology,Mouse,5271.95,9,172.86,0.0
10060,2024-01-02,South,Home Office,Furniture,Table,788.91,4,-74.57,0.1
10061,2024-03-30,East,Consumer,Technology,Monitor,1248.96,3,4.29,0.1
10062,2024-03-03,East,Corporate,Technology,Monitor,405.57,1,61.87,0.0
10063,2024-05-23,East,Home Office,Office Supplies,Binder,77.64,4,9.26,0.1
10064,2023-02-04,East,Corporate,Technology,Phone,3914.36,9,71.92,0.0
10065,2023-07-25,East,Corporate,Technology,Laptop,3196.59,6,914.61,0.0
10066,2023-03-22,South,Home Office,Office Supplies,Art,98.42,6,25.21,0.0
10067,2024-07-15,West,Home Office,Office Supplies,Paper,20.62,1,2.59,0.0
10068,2024-01-23,East,Corporate,Technology,Monitor,1000.11,2,-72.25,0.1
10069,2023-01-02,East,Home Office,Office Supplies,Paper,100.31,6,14.08,0.1
10070,2024-01-25,West,Corporate,Technology,Mouse,936.38,2,249.93,0.0
10071,2024-07-19,,Corporate,Office Supplies,Pen,57.76,3,-2.47,0.0
10072,2023-04-16,West,Home Office,Office Supplies,Paper,86.87,4,1.51,0.1
10073,2024-04-21,West,Consumer,Furniture,Chair,1010.19,5,180.96,0.2
10074,2024-12-03,South,Home Office,Technology,Mouse,5220.48,9,1132.2,0.0
10075,2024-02-06,Central,Consumer,Technology,Mouse,2141.09,4,367.95,0.2
10076,2024-12-30,South,Corporate,Furniture,Sofa,2121.07,9,38.88,0.0
10077,2024-07-09,Central,Corporate,Furniture,Sofa,480.27,3,4.22,0.0
10078,2023-06-11,Central,Consumer,Technology,Laptop,3548.63,8,584.58,0.1
10079,2023-07-21,Central,Corporate,Furniture,Sofa,210.7,1,28.95,0.0
10080,2023-09-27,East,Consumer,Technology,Laptop,3629.24,9,695.04,0.0
10081,2023-09-28,South,Consumer,Furniture,Table,1672.94,9,277.75,0.0
10082,2024-03-31,Central,Corporate,Technology,Phone,1022.63,2,37.93,0.1
10083,2024-04-06,West,Consumer,Office Supplies,Art,68.31,4,-4.25,0.1
10084,2024-12-27,East,Home Office,Furniture,Table,1812.17,8,484.5,0.0
10085,2023-09-09,South,Home Office,Technology,Monitor,3709.7,7,-217.49,0.0
10086,2024-12-02,Central,Corporate,Furniture,Table,192.16,1,36.81,0.0
10087,2023-10-23,West,Corporate,Furniture,Chair,1111.93,5,-58.61,0.0
10088,2024-12-25,South,Consumer,Office Supplies,Paper,112.0,7,20.7,0.0
10089,2024-12-20,South,Consumer,Office Supplies,Binder,,4,0.14,0.1
10090,2023-12-04,,Consumer,Furniture,Chair,161.03,1,18.7,0.0
10091,2023-02-22,South,Consumer,Technology,Laptop,5132.07,9,1452.65,0.0
10092,2023-08-05,East,Home Office,Technology,Monitor,2565.74,5,271.42,0.0
10093,2023-07-07,Central,Home Office,Technology,Phone,834.02,2,99.71,0.0
10094,2024-01-15,East,Corporate,Technology,Phone,3807.97,8,543.98,0.2
10095,2024-05-07,West,Consumer,Furniture,Chair,382.2,2,-1.48,0.0
10096,2023-02-10,East,Consumer,Office Supplies,Art,50.28,3,1.31,0.0
10097,2023-06-06,West,Corporate,Furniture,Chair,167.73,1,-4.9,0.0
10098,2023-01-15,East,Consumer,Office Supplies,Pen,47.8,2,3.71,0.0
10099,2023-03-06,South,Consumer,Technology,Monitor,3544.62,7,884.2,0.0
10100,2024-06-04,Central,Consumer,Furniture,Table,479.29,2,63.79,0.0
10101,2023-12-10,West,Consumer,Technology,Laptop,3374.97,6,103.87,0.0
10102,2023-05-09,East,Consumer,Office Supplies,Binder,55.34,3,3.38,0.0
10103,2024-10-09,East,Corporate,Office Supplies,Binder,85.52,4,14.78,0.0
10104,2024-04-16,East,Consumer,Office Supplies,Binder,148.18,8,-6.92,0.0
10105,2023-03-04,South,Corporate,Furniture,Sofa,631.78,3,-30.75,0.2
10106,2023-05-19,South,Consumer,Technology,Monitor,3094.19,6,548.81,0.0
10107,2024-05-13,West,Home Office,Technology,Monitor,540.12,1,108.77,0.0
10108,2024-08-15,West,Home Office,Office Supplies,Art,160.88,7,16.09,0.0
10109,2024-01-27,,Home Office,Furniture,Bookshelf,1747.36,8,258.03,0.0
10110,2024-11-05,West,Home Office,Office Supplies,Pen,139.94,8,-12.56,0.1
10111,2024-02-23,Central,Corporate,Furniture,Chair,548.29,3,42.34,0.0
10112,2023-10-16,Central,Corporate,Furniture,Bookshelf,209.37,1,50.25,0.1
10113,2024-01-14,South,Consumer,Technology,Laptop,3953.24,9,-196.79,0.0
10114,2024-05-04,West,Home Office,Office Supplies,Art,142.25,6,-8.08,0.0
10115,2023-08-19,East,Corporate,Office Supplies,Pen,178.45,9,23.95,0.1
10116,2023-02-10,Central,Consumer,Furniture,Bookshelf,1423.17,7,-93.34,0.0
10117,2023-01-28,South,Consumer,Furniture,Sofa,164.56,1,-9.51,0.0
10118,2023-05-15,West,Corporate,Furniture,Chair,206.85,1,24.35,0.0
10119,2023-07-20,South,Home Office,Office Supplies,Paper,107.22,6,16.63,0.1
10120,2023-02-02,East,Consumer,Technology,Phone,2820.07,5,-235.1,0.0
10121,2023-02-17,,Home Office,Furniture,Bookshelf,1798.65,9,316.07,0.1
10122,2024-05-17,South,Home Office,Furniture,Sofa,360.37,2,8.33,0.0
10123,2024-02-11,South,Home Office,Furniture,Table,1672.73,8,433.53,0.1
10124,2024-07-27,,Consumer,Technology,Monitor,2809.92,5,374.43,0.0
10125,2024-12-28,East,Home Office,Technology,Mouse,1092.09,2,50.16,0.1
10126,2023-04-09,South,Consumer,Technology,Laptop,3169.16,6,274.05,0.0
10127,2024-11-14,East,Home Office,Office Supplies,Pen,140.16,8,25.33,0.2
10128,2024-12-26,East,Consumer,Furniture,Chair,818.07,4,35.54,0.0
10129,2024-06-30,East,Home Office,Furniture,Table,465.81,2,-42.68,0.0
10130,2024-09-04,,Corporate,Technology,Laptop,2315.77,5,-178.89,0.0
10131,2024-04-06,Central,Home Office,Furniture,Table,442.64,2,80.05,0.0
10132,2024-10-04,South,Home Office,Technology,Monitor,932.54,2,158.78,0.0
10133,2023-01-05,South,Consumer,Office Supplies,Paper,115.0,6,23.29,0.2
10134,2023-08-06,Central,Consumer,Office Supplies,Art,176.7,9,11.47,0.2
10135,2024-05-17,West,Home Office,Furniture,Table,939.11,4,0.33,0.0
10136,2024-02-02,Central,Corporate,Office Supplies,Paper,101.78,6,13.62,0.2
10137,2024-01-28,East,Corporate,Technology,Monitor,4157.05,7,212.57,0.0
10138,2023-07-26,Central,Consumer,Furniture,Sofa,989.78,6,35.36,0.0
10139,2023-01-15,East,Corporate,Furniture,Bookshelf,1603.8,8,-56.5,0.1
10140,2024-07-07,South,Home Office,Technology,Monitor,2126.48,4,636.03,0.0
10141,2024-04-05,West,Consumer,Office Supplies,Paper,19.61,1,0.82,0.5
10142,2024-11-21,South,Home Office,Technology,Laptop,3360.99,7,-181.3,0.0
10143,2024-07-28,East,Consumer,Office Supplies,Art,69.2,3,4.56,0.0
10144,2023-08-29,East,Consumer,Furniture,Bookshelf,1145.89,6,187.78,0.0
10145,2024-07-17,East,Consumer,Technology,Mouse,976.81,2,155.6,0.0
10146,2023-04-06,West,Consumer,Office Supplies,Binder,148.42,9,33.47,0.0
10147,2024-04-29,Central,Corporate,Furniture,Sofa,235.24,1,37.52,0.5
10148,2024-02-11,South,Home Office,Furniture,Chair,1418.19,6,-55.92,0.1
10149,2023-08-19,South,Home Office,Technology,Monitor,,6,418.35,0.1
10150,2024-10-16,Central,Home Office,Technology,Monitor,2581.74,5,156.41,0.0
10151,2023-06-20,South,Consumer,Technology,Phone,2338.08,5,-115.2,0.0
10152,2024-06-24,West,Corporate,Office Supplies,Pen,19.13,1,-0.67,0.0
10153,2023-02-05,South,Home Office,Technology,Phone,2734.37,5,-45.03,0.0
10154,2024-06-08,East,Corporate,Technology,Monitor,823.43,2,99.59,0.0
10155,2023-06-09,Central,Consumer,Furniture,Sofa,1453.33,7,361.54,0.1
10156,2024-11-29,West,Home Office,Technology,Mouse,1546.19,3,59.05,0.0
10157,2023-08-31,Central,Corporate,Office Supplies,Binder,89.7,4,10.41,0.0
10158,2023-03-27,West,Consumer,Office Supplies,Art,49.9,3,6.3,0.0
10159,2024-07-31,East,Corporate,Office Supplies,Binder,69.79,3,4.08,0.0
10160,2024-11-12,Central,Home Office,Furniture,Table,734.82,4,-31.31,0.0
10161,2024-07-10,South,Home Office,Furniture,Table,860.58,5,62.92,0.2
10162,2024-07-27,West,Consumer,Technology,Monitor,519.14,1,-35.17,0.0
10163,2024-10-07,Central,Consumer,Office Supplies,Binder,94.07,4,19.01,0.1
10164,2023-01-28,South,Consumer,Office Supplies,Binder,165.54,8,38.3,0.0
10165,2024-09-11,Central,Corporate,Furniture,Bookshelf,1164.9,7,105.7,0.0
10166,2024-07-09,Central,Corporate,Furniture,Bookshelf,1893.67,9,438.31,0.0
10167,2023-12-06,Central,Corporate,Furniture,Bookshelf,1113.39,5,12.06,0.1
10168,2023-11-27,West,Consumer,Furniture,Sofa,941.08,4,-47.3,0.1
10169,2024-10-01,South,Home Office,Office Supplies,Paper,,8,53.06,0.0
10170,2024-05-20,East,Home Office,Furniture,Bookshelf,1567.55,9,295.99,0.0
10171,2023-12-14,West,Corporate,Furniture,Sofa,1142.56,7,71.03,0.0
10172,2024-04-17,West,Corporate,Technology,Laptop,3522.8,7,465.92,0.0
10173,2023-08-19,West,Home Office,Technology,Laptop,2935.94,5,495.88,0.2
10174,2023-07-09,East,Home Office,Technology,Monitor,1985.02,4,444.39,0.0
10175,2023-08-13,South,Corporate,Technology,Mouse,590.11,1,-53.8,0.0
10176,2024-01-20,South,Corporate,Furniture,Chair,1670.21,7,-109.48,0.0
10177,2024-01-12,South,Home Office,Office Supplies,Art,22.52,1,0.27,0.0
10178,2023-10-10,Central,Consumer,Office Supplies,Pen,17.06,1,1.3,0.0
10179,2024-09-24,Central,Corporate,Office Supplies,Pen,105.76,5,5.54,0.0
10180,2024-09-19,Central,Home Office,Technology,Mouse,3698.22,9,516.95,0.1
10181,2023-09-16,East,Home Office,Office Supplies,Paper,139.32,6,7.42,0.1
10182,2023-12-25,Central,Home Office,Furniture,Table,531.92,3,40.97,0.0
10183,2024-12-10,East,Home Office,Office Supplies,Art,49.16,3,11.22,0.1
10184,2024-03-31,South,Consumer,Technology,Laptop,3956.88,7,534.97,0.0
10185,2024-02-15,Central,Home Office,Technology,Mouse,2823.72,6,620.97,0.0
10186,2024-10-10,Central,Corporate,Furniture,Table,1839.37,9,423.74,0.0
10187,2023-11-14,West,Consumer,Technology,Phone,3157.75,6,675.01,0.0
10188,2024-11-07,East,Home Office,Office Supplies,Pen,103.94,5,6.82,0.0
10189,2023-08-13,South,Consumer,Office Supplies,Pen,165.64,7,19.29,0.0
10190,2023-08-22,West,Corporate,Furniture,Bookshelf,208.41,1,-2.46,0.0
10191,2024-11-14,West,Home Office,Furniture,Table,1470.36,7,189.15,0.5
10192,2024-10-25,South,Corporate,Office Supplies,Binder,52.44,3,-3.99,0.0
10193,2024-01-09,West,Home Office,Office Supplies,Art,187.51,9,38.53,0.0
10194,2024-11-02,East,Home Office,Office Supplies,Paper,121.12,6,-1.13,0.0
10195,2024-08-30,East,Home Office,Furniture,Chair,1919.9,9,-130.47,0.0
10196,2024-04-16,Central,Home Office,Office Supplies,Binder,97.67,5,-3.38,0.0
10197,2023-08-21,West,Home Office,Furniture,Bookshelf,1223.3,7,-23.34,0.1
10198,2024-11-22,Central,Consumer,Office Supplies,Paper,76.37,4,-6.07,0.0
10199,2023-04-23,West,Home Office,Furniture,Table,1342.76,7,140.56,0.0
10200,2024-05-11,East,Home Office,Furniture,Table,198.66,1,10.55,0.0
10201,2024-03-17,East,Consumer,Office Supplies,Pen,158.99,7,-6.66,0.0
10202,2024-07-17,East,Consumer,Furniture,Chair,1603.65,8,-120.57,0.0
10203,2023-09-25,West,Consumer,Office Supplies,Paper,82.85,5,10.73,0.0
10204,2024-05-24,East,Consumer,Technology,Phone,,2,257.85,0.0
10205,2024-01-21,West,Consumer,Office Supplies,Paper,102.31,5,29.05,0.0
10206,2024-01-22,Central,Consumer,Furniture,Bookshelf,983.37,6,-59.79,0.0
10207,2023-04-23,West,Home Office,Furniture,Bookshelf,327.05,2,-8.47,0.2
10208,2024-09-04,Central,Home Office,Office Supplies,Binder,121.98,6,19.3,0.0
10209,2024-09-16,West,Corporate,Office Supplies,Art,98.19,6,27.33,0.1
10210,2023-03-22,Central,Home Office,Furniture,Chair,227.37,1,4.24,0.1
10211,2024-11-29,East,Home Office,Furniture,Bookshelf,166.18,1,-5.33,0.0
10212,2023-04-23,Central,Consumer,Office Supplies,Pen,51.05,3,-2.59,0.0
10213,2023-01-02,East,Consumer,Furniture,Table,604.45,3,-1.0,0.0
10214,2024-10-03,East,Home Office,Furniture,Sofa,754.6,4,223.21,0.0
10215,2023-08-08,Central,Corporate,Office Supplies,Paper,42.95,2,12.01,0.0
10216,2024-07-19,West,Consumer,Office Supplies,Art,154.26,9,8.15,0.1
10217,2023-08-13,West,Home Office,Office Supplies,Art,143.06,7,-9.91,0.2
10218,2024-01-20,South,Home Office,Office Supplies,Binder,112.23,7,18.87,0.0
10219,2024-02-07,West,Corporate,Furniture,Bookshelf,1268.07,6,81.56,0.0
10220,2024-09-29,South,Corporate,Furniture,Sofa,597.51,3,39.54,0.0
10221,2023-05-10,West,Consumer,Technology,Laptop,2428.81,6,82.94,0.1
10222,2023-02-22,West,Corporate,Furniture,Chair,1393.33,8,-84.48,0.0
10223,2024-11-14,East,Home Office,Technology,Mouse,4730.75,8,661.09,0.0
10224,2024-12-30,South,Home Office,Technology,Mouse,4911.58,9,128.42,0.1
10225,2024-11-02,West,Corporate,Furniture,Bookshelf,191.45,1,-1.0,0.0
10226,2024-12-10,South,Corporate,Technology,Mouse,419.39,1,-11.91,0.2
10227,2024-02-20,East,Corporate,Technology,Laptop,1678.51,3,287.06,0.0
10228,2023-09-04,East,Corporate,Office Supplies,Binder,61.13,3,5.5,0.0
10229,2024-03-14,South,Consumer,Technology,Mouse,4675.89,8,-331.55,0.2
10230,2023-07-22,East,Corporate,Office Supplies,Paper,18.24,1,0.73,0.0
10231,2023-07-03,Central,Consumer,Furniture,Sofa,445.19,2,132.22,0.0
10232,2023-05-03,Central,Home Office,Furniture,Table,358.51,2,89.53,0.0
10233,2024-02-05,East,Corporate,Technology,Mouse,1698.37,3,-17.22,0.0
10234,2023-10-21,Central,Consumer,Technology,Monitor,2879.2,6,183.89,0.0
10235,2023-10-07,West,Corporate,Technology,Phone,595.64,1,-16.47,0.0
10236,2024-09-01,South,Home Office,Office Supplies,Binder,,2,1.51,0.0
10237,2023-07-17,West,Home Office,Furniture,Bookshelf,218.47,1,14.86,0.0
10238,2024-05-25,South,Home Office,Office Supplies,Pen,103.13,5,24.03,0.1
10239,2023-05-24,East,Corporate,Office Supplies,Paper,157.03,7,38.72,0.1
10240,2024-08-31,West,Corporate,Furniture,Chair,1318.16,8,233.08,0.0
10241,2023-07-20,East,Consumer,Furniture,Sofa,171.2,1,11.36,0.0
10242,2023-05-04,East,Home Office,Furniture,Chair,1427.21,7,87.2,0.0
10243,2023-07-06,South,Corporate,Furniture,Chair,1007.84,5,300.95,0.0
10244,2023-11-22,South,Home Office,Technology,Mouse,427.04,1,72.68,0.1
10245,2024-04-08,South,Home Office,Office Supplies,Pen,57.5,3,-2.69,0.1
10246,2023-12-15,West,Consumer,Technology,Monitor,3022.23,7,845.35,0.0
10247,2024-10-21,Central,Consumer,Technology,Laptop,575.92,1,151.36,0.0
10248,2024-02-07,South,Consumer,Furniture,Sofa,1675.26,7,-27.93,0.0
10249,2023-12-12,South,Consumer,Technology,Laptop,2355.44,5,394.98,0.0
10250,2024-05-25,West,Home Office,Office Supplies,Paper,19.87,1,1.34,0.0
10251,2023-05-27,South,Consumer,Technology,Phone,471.56,1,64.85,0.5
10252,2023-05-28,West,Consumer,Technology,Monitor,515.12,1,-18.24,0.1
10253,2024-12-11,East,Consumer,Furniture,Chair,1779.65,9,216.03,0.0
10254,2024-05-03,,Consumer,Furniture,Table,616.87,3,-9.84,0.0
10255,2024-10-01,South,Home Office,Furniture,Bookshelf,1096.91,5,-98.63,0.2
10256,2024-07-04,,Consumer,Furniture,Bookshelf,1695.48,9,359.59,0.0
10257,2023-12-04,East,Home Office,Office Supplies,Art,123.07,6,0.55,0.0
10258,2024-10-02,East,Corporate,Technology,Mouse,4850.92,9,615.85,0.0
10259,2024-04-17,South,Home Office,Technology,Phone,4473.99,8,868.0,0.1
10260,2023-05-31,Central,Home Office,Furniture,Bookshelf,1670.47,8,159.15,0.0
10261,2024-02-19,Central,Consumer,Furniture,Table,170.65,1,0.77,0.0
10262,2023-10-25,Central,Corporate,Office Supplies,Art,174.18,9,24.34,0.1
10263,2024-09-02,South,Corporate,Furniture,Table,1206.58,6,18.43,0.1
10264,2023-09-20,East,Corporate,Furniture,Sofa,1444.65,9,142.29,0.2
10265,2023-05-24,South,Corporate,Technology,Monitor,1371.38,3,265.83,0.0
10266,2023-12-12,East,Home Office,Office Supplies,Pen,,3,6.51,0.0
10267,2024-09-15,South,Corporate,Furniture,Table,1411.91,6,-42.69,0.1
10268,2024-07-25,South,Home Office,Technology,Mouse,4448.97,9,-282.2,0.1
10269,2023-01-02,,Home Office,Office Supplies,Art,147.04,7,17.68,0.0
10270,2023-10-31,Central,Home Office,Technology,Phone,1444.42,3,156.79,0.0
10271,2023-09-11,East,Corporate,Technology,Laptop,1737.94,3,-37.34,0.1
10272,2024-10-13,West,Consumer,Furniture,Table,323.61,2,79.18,0.1
10273,2024-03-28,West,Consumer,Office Supplies,Binder,185.55,9,47.55,0.0
10274,2023-02-06,East,Corporate,Office Supplies,Binder,62.33,3,13.97,0.0
10275,2023-06-09,South,Consumer,Furniture,Bookshelf,971.87,5,194.32,0.0
10276,2023-01-09,West,Consumer,Furniture,Bookshelf,,9,270.25,0.0
10277,2023-08-21,West,Home Office,Office Supplies,Binder,139.57,8,1.05,0.0
10278,2023-04-09,South,Home Office,Technology,Phone,879.46,2,-1.11,0.0
10279,2024-10-20,South,Corporate,Office Supplies,Binder,55.35,3,6.76,0.0
10280,2023-07-27,Central,Corporate,Office Supplies,Art,41.41,2,2.92,0.0
10281,2023-05-11,,Consumer,Technology,Monitor,4184.67,8,-281.92,0.0
10282,2024-02-08,East,Home Office,Office Supplies,Binder,100.21,6,-3.13,0.1
10283,2023-06-01,East,Corporate,Office Supplies,Binder,120.87,6,-1.74,0.0
10284,2023-02-23,Central,Corporate,Furniture,Table,1643.96,9,98.84,0.0
10285,2023-04-30,West,Corporate,Technology,Mouse,4498.99,8,-424.95,0.1
10286,2024-11-03,West,Corporate,Technology,Mouse,2119.5,4,355.12,0.0
10287,2024-09-19,,Corporate,Furniture,Table,,4,244.58,0.2
10288,2024-08-09,East,Corporate,Technology,Phone,3636.25,9,-139.95,0.1
10289,2024-09-16,West,Consumer,Technology,Mouse,,1,48.15,0.0
10290,2024-02-24,Central,Home Office,Office Supplies,Binder,41.03,2,6.78,0.5
10291,2024-02-26,Central,Home Office,Technology,Mouse,1071.63,2,292.23,0.0
10292,2023-04-14,East,Corporate,Technology,Monitor,3596.34,6,676.34,0.0
10293,2023-09-11,Central,Home Office,Furniture,Sofa,731.91,4,184.37,0.0
10294,2023-08-15,Central,Home Office,Furniture,Table,491.81,3,-3.72,0.0
10295,2023-04-22,East,Home Office,Furniture,Chair,695.37,3,1.72,0.2
10296,2024-05-24,South,Corporate,Office Supplies,Pen,53.3,3,-2.38,0.0
10297,2024-04-17,,Corporate,Furniture,Table,1372.37,6,137.27,0.0
10298,2023-04-09,Central,Home Office,Office Supplies,Paper,171.19,8,-0.75,0.0
10299,2023-06-02,South,Home Office,Technology,Monitor,3861.26,7,787.7,0.0
10300,2023-12-04,South,Corporate,Office Supplies,Paper,74.0,4,4.76,0.0
10301,2024-12-06,Central,Consumer,Office Supplies,Binder,70.71,4,20.55,0.0
10302,2023-06-12,South,Home Office,Technology,Phone,1058.24,2,289.76,0.1
10303,2024-12-20,Central,Consumer,Furniture,Table,,1,39.2,0.0
10304,2024-11-11,West,Home Office,Technology,Monitor,4978.55,9,879.52,0.1
10305,2023-06-10,East,Consumer,Technology,Laptop,1186.26,2,68.12,0.0
10306,2024-08-02,East,Consumer,Furniture,Table,1363.66,8,230.03,0.1
10307,2024-02-02,South,Consumer,Furniture,Chair,1965.1,9,255.51,0.1
10308,2023-10-04,South,Corporate,Office Supplies,Pen,70.62,4,7.19,0.0
10309,2024-05-18,South,Consumer,Furniture,Sofa,1479.8,8,105.05,0.0
10310,2024-01-27,East,Consumer,Technology,Phone,4761.39,9,943.16,0.1
10311,2023-05-15,West,Consumer,Office Supplies,Paper,,5,5.55,0.0
10312,2023-07-14,West,Home Office,Furniture,Bookshelf,1270.73,7,-26.11,0.2
10313,2024-02-05,East,Consumer,Technology,Mouse,2226.71,4,587.19,0.0
10314,2024-10-01,West,Home Office,Furniture,Chair,189.62,1,38.02,0.0
10315,2023-02-02,East,Consumer,Office Supplies,Pen,69.53,3,16.58,0.0
10316,2024-11-18,West,Consumer,Technology,Phone,2182.81,5,616.68,0.2
10317,2024-04-04,Central,Corporate,Office Supplies,Art,57.04,3,2.04,0.0
10318,2024-04-14,Central,Home Office,Office Supplies,Paper,115.5,7,10.91,0.1
10319,2024-01-10,East,Consumer,Office Supplies,Paper,151.85,9,-0.09,0.1
10320,2023-01-22,West,Home Office,Furniture,Chair,1112.13,6,248.6,0.0
10321,2024-10-31,South,Home Office,Furniture,Chair,230.04,1,4.83,0.0
10322,2023-02-07,West,Corporate,Office Supplies,Binder,,7,38.88,0.1
10323,2023-08-18,Central,Corporate,Furniture,Bookshelf,663.52,3,-27.42,0.0
10324,2023-12-31,Central,Corporate,Furniture,Chair,1076.13,5,299.17,0.1
10325,2024-07-16,West,Corporate,Technology,Laptop,2146.03,4,70.06,0.0
10326,2024-03-13,West,Corporate,Furniture,Chair,1000.23,5,158.33,0.0
10327,2023-10-10,South,Corporate,Furniture,Bookshelf,1004.23,5,-52.24,0.1
10328,2023-01-27,,Corporate,Office Supplies,Binder,110.98,6,24.52,0.0
10329,2023-08-14,West,Corporate,Technology,Laptop,3433.7,6,-154.79,0.0
10330,2023-10-04,West,Consumer,Technology,Laptop,4723.82,8,148.94,0.0
10331,2024-08-31,West,Home Office,Furniture,Table,1703.88,8,342.02,0.0
10332,2023-10-11,West,Corporate,Furniture,Bookshelf,2024.6,9,563.45,0.0
10333,2024-04-25,,Corporate,Technology,Mouse,3700.67,8,900.75,0.1
10334,2024-03-28,West,Home Office,Furniture,Bookshelf,341.07,2,62.08,0.0
10335,2024-10-20,South,Consumer,Office Supplies,Pen,21.94,1,3.75,0.0
10336,2024-05-30,Central,Home Office,Technology,Phone,,2,224.53,0.0
10337,2024-06-30,East,Home Office,Office Supplies,Paper,34.7,2,-2.73,0.0
10338,2023-07-11,West,Corporate,Technology,Laptop,1630.48,3,147.05,0.0
10339,2023-02-18,Central,Home Office,Furniture,Table,1595.49,7,85.13,0.2
10340,2024-05-26,,Home Office,Furniture,Chair,346.92,2,81.38,0.1
10341,2023-01-17,Central,Corporate,Office Supplies,Binder,20.39,1,-0.5,0.0
10342,2023-06-21,West,Corporate,Office Supplies,Pen,130.58,6,13.64,0.0
10343,2023-08-08,West,Corporate,Furniture,Table,1875.11,9,158.18,0.0
10344,2023-06-07,South,Corporate,Technology,Monitor,1697.23,3,393.46,0.0
10345,2024-04-21,West,Home Office,Furniture,Chair,1300.51,6,-75.22,0.0
10346,2023-02-15,West,Home Office,Technology,Mouse,1703.31,3,286.85,0.0
10347,2024-01-08,East,Consumer,Office Supplies,Pen,21.58,1,0.98,0.0
10348,2024-06-01,South,Consumer,Furniture,Bookshelf,1151.71,5,219.0,0.0
10349,2023-04-09,East,Home Office,Office Supplies,Binder,67.6,4,4.27,0.0
10350,2023-02-06,Central,Consumer,Office Supplies,Paper,161.64,7,-13.11,0.2
10351,2023-10-07,West,Home Office,Office Supplies,Pen,142.15,6,24.4,0.0
10352,2023-12-15,Central,Consumer,Technology,Mouse,3683.93,7,30.3,0.0
10353,2024-05-11,East,Corporate,Technology,Laptop,2248.79,5,622.52,0.0
10354,2023-10-29,West,Consumer,Furniture,Sofa,735.45,4,154.59,0.0
10355,2023-06-30,West,Corporate,Furniture,Bookshelf,1340.15,7,-59.37,0.1
10356,2024-08-29,East,Corporate,Furniture,Chair,1126.0,7,132.53,0.0
10357,2023-04-09,East,Corporate,Office Supplies,Pen,142.84,6,6.81,0.0
10358,2024-11-30,East,Corporate,Office Supplies,Binder,150.86,8,5.68,0.0
10359,2023-04-26,East,Consumer,Furniture,Sofa,806.57,4,61.51,0.1
10360,2023-07-10,,Home Office,Technology,Monitor,2879.91,5,294.35,0.0
10361,2023-09-10,West,Corporate,Furniture,Chair,802.48,4,-35.83,0.0
10362,2023-06-10,East,Consumer,Technology,Phone,596.55,1,-0.01,0.0
10363,2023-09-13,West,Corporate,Office Supplies,Art,132.7,8,21.93,0.0
10364,2023-11-19,West,Consumer,Office Supplies,Pen,20.76,1,1.37,0.0
10365,2023-05-08,East,Consumer,Technology,Mouse,2422.19,5,518.41,0.0
10366,2023-01-18,East,Consumer,Furniture,Chair,1053.94,6,240.41,0.0
10367,2024-07-19,South,Home Office,Technology,Monitor,3178.5,6,214.83,0.1
10368,2024-07-23,West,Consumer,Office Supplies,Art,98.32,5,0.26,0.0
10369,2023-11-19,East,Consumer,Technology,Laptop,1651.27,3,173.63,0.0
10370,2024-11-16,East,Home Office,Technology,Phone,2320.85,5,321.25,0.0
10371,2024-09-17,East,Home Office,Office Supplies,Paper,191.73,8,14.21,0.5
10372,2023-10-15,South,Consumer,Office Supplies,Pen,46.73,2,1.78,0.0
10373,2024-10-24,South,Home Office,Furniture,Sofa,986.27,6,-18.05,0.1
10374,2024-09-30,Central,Corporate,Furniture,Chair,1741.46,9,-21.15,0.0
10375,2023-06-04,,Corporate,Furniture,Table,1280.15,8,340.52,0.0
10376,2024-05-04,Central,Home Office,Furniture,Sofa,1820.08,8,358.41,0.0
10377,2024-01-21,East,Home Office,Office Supplies,Pen,138.74,8,-7.19,0.0
10378,2023-04-14,South,Consumer,Technology,Laptop,2894.65,7,548.86,0.2
10379,2024-01-28,South,Home Office,Technology,Mouse,4686.09,8,338.4,0.2
10380,2023-09-03,Central,Consumer,Office Supplies,Art,101.72,6,10.68,0.0
10381,2023-06-25,South,Corporate,Technology,Phone,939.53,2,46.91,0.0
10382,2023-02-08,East,Home Office,Furniture,Chair,419.41,2,78.63,0.2
10383,2024-04-21,South,Consumer,Office Supplies,Art,135.08,8,-11.58,0.0
10384,2024-11-12,Central,Consumer,Technology,Mouse,598.87,1,-4.14,0.0
10385,2024-06-21,East,Corporate,Furniture,Bookshelf,985.84,6,-23.71,0.0
10386,2024-02-12,Central,Home Office,Technology,Mouse,2446.75,6,138.79,0.0
10387,2024-06-08,South,Corporate,Furniture,Chair,896.77,4,32.73,0.0
10388,2024-05-20,Central,Consumer,Technology,Phone,1466.51,3,249.65,0.0
10389,2023-02-05,Central,Consumer,Furniture,Chair,602.13,3,147.27,0.0
10390,2024-11-15,West,Home Office,Office Supplies,Art,22.93,1,-2.2,0.0
10391,2023-01-20,South,Consumer,Technology,Monitor,1666.83,3,140.5,0.0
10392,2023-11-17,South,Home Office,Office Supplies,Art,95.64,4,8.92,0.0
10393,2024-05-26,Central,Corporate,Technology,Phone,2986.9,5,602.84,0.1
10394,2024-02-04,West,Home Office,Technology,Phone,1349.16,3,155.64,0.0
10395,2024-10-15,South,Home Office,Office Supplies,Pen,143.62,6,34.9,0.0
10396,2024-04-15,East,Consumer,Technology,Monitor,2097.37,5,382.87,0.2
10397,2023-05-23,Central,Consumer,Technology,Laptop,1407.35,3,-136.8,0.2
10398,2023-04-02,South,Home Office,Office Supplies,Art,115.37,6,-0.7,0.0
10399,2023-12-20,East,Consumer,Technology,Phone,3382.64,6,118.16,0.0
10400,2024-12-27,South,Consumer,Office Supplies,Binder,180.96,8,-18.05,0.1
10401,2023-02-20,East,Consumer,Technology,Laptop,923.13,2,-3.26,0.1
10402,2024-10-26,Central,Home Office,Office Supplies,Paper,17.87,1,-1.3,0.2
10403,2024-11-28,South,Consumer,Furniture,Chair,699.88,4,85.54,0.1
10404,2024-07-28,South,Home Office,Technology,Laptop,3207.91,7,214.79,0.0
10405,2023-07-09,West,Consumer,Furniture,Table,570.45,3,142.82,0.0
10406,2023-05-05,Central,Corporate,Technology,Phone,1743.18,3,169.41,0.0
10407,2023-05-30,East,Consumer,Furniture,Chair,932.06,5,-53.39,0.0
10408,2023-11-10,South,Consumer,Technology,Laptop,2953.4,5,-224.19,0.0
10409,2024-07-23,South,Home Office,Furniture,Bookshelf,551.44,3,10.6,0.0
10410,2023-12-08,East,Home Office,Office Supplies,Binder,167.07,9,-5.73,0.0
10411,2023-11-01,Central,Consumer,Office Supplies,Binder,89.06,4,-4.54,0.1
10412,2024-11-22,West,Corporate,Office Supplies,Pen,63.24,3,-3.19,0.0
10413,2024-11-12,West,Consumer,Office Supplies,Binder,33.13,2,8.74,0.0
10414,2023-02-23,South,Consumer,Technology,Laptop,3942.23,9,900.8,0.0
10415,2024-03-19,,Corporate,Furniture,Chair,814.28,4,-56.07,0.0
10416,2024-09-04,South,Home Office,Office Supplies,Art,70.93,3,-0.09,0.1
10417,2023-09-21,East,Consumer,Office Supplies,Art,160.14,7,-5.2,0.0
10418,2023-02-22,West,Home Office,Technology,Mouse,4566.31,8,-432.47,0.5
10419,2024-07-25,Central,Home Office,Furniture,Sofa,401.88,2,83.5,0.0
10420,2024-09-11,East,Corporate,Office Supplies,Pen,164.35,7,43.34,0.0
10421,2023-01-05,West,Corporate,Office Supplies,Paper,112.78,5,28.79,0.0
10422,2023-04-13,South,Home Office,Furniture,Table,879.69,5,12.03,0.0
10423,2023-07-15,East,Consumer,Office Supplies,Art,54.94,3,2.79,0.1
10424,2023-12-16,Central,Home Office,Technology,Laptop,2393.32,5,281.99,0.0
10425,2023-02-16,South,Consumer,Office Supplies,Paper,34.56,2,6.1,0.1
10426,2024-10-17,South,Consumer,Technology,Phone,1734.05,4,41.83,0.0
10427,2023-09-26,West,Corporate,Technology,Monitor,3004.01,6,656.61,0.1
10428,2024-01-05,East,Consumer,Furniture,Sofa,219.16,1,34.67,0.0
10429,2024-09-27,South,Consumer,Technology,Phone,1724.62,4,204.92,0.1
10430,2023-04-16,Central,Home Office,Technology,Phone,,6,127.61,0.0
10431,2024-10-31,East,Corporate,Office Supplies,Binder,173.77,9,-14.61,0.0
10432,2024-10-20,Central,Consumer,Technology,Mouse,909.6,2,256.74,0.0
10433,2024-10-18,South,Consumer,Technology,Monitor,4135.09,7,169.25,0.2
10434,2023-04-30,Central,Corporate,Office Supplies,Binder,98.07,6,-2.78,0.0
10435,2024-08-26,West,Home Office,Office Supplies,Paper,38.28,2,10.68,0.0
10436,2023-02-27,Central,Corporate,Office Supplies,Paper,137.04,8,28.15,0.1
10437,2023-12-12,East,Corporate,Furniture,Sofa,1180.86,7,345.41,0.0
10438,2024-04-18,Central,Consumer,Furniture,Bookshelf,952.65,5,200.15,0.0
10439,2023-04-27,Central,Consumer,Furniture,Chair,937.04,5,141.56,0.0
10440,2023-05-07,West,Home Office,Technology,Monitor,3068.82,7,-127.64,0.0
10441,2024-01-28,Central,Consumer,Technology,Phone,5288.52,9,1412.35,0.2
10442,2024-10-02,Central,Consumer,Furniture,Bookshelf,2078.98,9,312.21,0.1
10443,2023-02-27,South,Corporate,Office Supplies,Binder,202.2,9,-14.64,0.0
10444,2024-09-25,South,Consumer,Office Supplies,Art,112.07,6,2.86,0.5
10445,2024-05-27,East,Home Office,Office Supplies,Binder,126.51,6,5.36,0.0
10446,2023-04-06,South,Corporate,Technology,Monitor,1289.1,3,178.65,0.0
10447,2024-09-29,South,Home Office,Furniture,Table,,1,11.9,0.0
10448,2023-04-28,South,Corporate,Furniture,Chair,1194.07,7,-25.46,0.0
10449,2024-07-13,South,Consumer,Technology,Mouse,1789.99,4,35.73,0.0
10450,2024-08-23,West,Corporate,Furniture,Bookshelf,211.42,1,29.68,0.2
10451,2024-05-02,South,Corporate,Office Supplies,Binder,172.55,8,7.76,0.1
10452,2023-08-25,West,Consumer,Furniture,Chair,1355.52,6,-24.89,0.0
10453,2023-09-29,West,Consumer,Technology,Monitor,2962.85,6,652.94,0.0
10454,2023-07-08,South,Home Office,Furniture,Table,348.83,2,-19.55,0.1
10455,2024-12-04,Central,Home Office,Office Supplies,Binder,23.07,1,0.86,0.2
10456,2024-03-22,West,Consumer,Office Supplies,Pen,42.94,2,-3.86,0.1
10457,2024-08-03,Central,Consumer,Technology,Mouse,2152.04,4,56.9,0.0
10458,2023-09-04,,Consumer,Furniture,Chair,328.92,2,47.34,0.1
10459,2023-03-17,South,Corporate,Office Supplies,Binder,17.93,1,0.98,0.0
10460,2023-06-03,East,Corporate,Technology,Mouse,2912.81,7,-119.82,0.0
10461,2024-10-17,South,Corporate,Office Supplies,Pen,,8,-9.43,0.0
10462,2024-03-10,East,Consumer,Furniture,Chair,1397.2,6,-136.34,0.0
10463,2023-03-27,East,Home Office,Furniture,Sofa,794.84,4,-40.3,0.0
10464,2024-11-27,South,Consumer,Technology,Monitor,2769.21,6,748.86,0.0
10465,2023-10-12,South,Corporate,Office Supplies,Paper,51.88,3,14.86,0.0
10466,2023-08-08,East,Corporate,Technology,Monitor,3529.27,8,693.95,0.1
10467,2023-03-10,South,Consumer,Furniture,Sofa,407.47,2,103.41,0.0
10468,2023-02-16,East,Consumer,Furniture,Sofa,1021.6,5,116.28,0.0
10469,2023-04-04,Central,Corporate,Office Supplies,Binder,17.56,1,-0.59,0.0
10470,2024-03-28,South,Corporate,Office Supplies,Binder,139.99,6,4.36,0.2
10471,2023-07-23,Central,Corporate,Furniture,Table,379.53,2,77.4,0.0
10472,2023-08-06,West,Consumer,Office Supplies,Binder,74.84,4,21.02,0.0
10473,2024-04-18,Central,Corporate,Furniture,Table,1314.21,6,182.64,0.0
10474,2024-03-07,Central,Corporate,Furniture,Table,1843.77,8,-147.79,0.1
10475,2023-12-07,East,Home Office,Furniture,Sofa,1444.52,8,124.25,0.5
10476,2024-07-04,Central,Consumer,Technology,Laptop,2672.37,6,527.96,0.0
10477,2024-09-03,South,Home Office,Office Supplies,Pen,93.41,4,6.49,0.0
10478,2023-10-16,East,Home Office,Furniture,Table,1498.96,8,426.64,0.2
10479,2023-09-11,West,Corporate,Technology,Mouse,3911.76,8,374.04,0.0
10480,2023-12-23,South,Consumer,Furniture,Chair,188.13,1,49.63,0.0
10481,2023-01-23,West,Corporate,Furniture,Table,822.07,4,168.42,0.0
10482,2024-06-05,Central,Consumer,Office Supplies,Art,89.98,4,3.31,0.0
10483,2023-04-10,South,Home Office,Office Supplies,Paper,136.29,7,32.63,0.0
10484,2023-06-29,South,Consumer,Technology,Monitor,3308.56,7,719.86,0.0
10485,2023-08-11,West,Corporate,Office Supplies,Art,188.22,8,28.1,0.0
10486,2024-10-20,South,Corporate,Technology,Phone,2741.63,5,608.75,0.2
10487,2024-03-17,South,Corporate,Furniture,Chair,1593.22,7,92.44,0.0
10488,2024-08-30,South,Consumer,Office Supplies,Pen,131.28,8,7.98,0.1
10489,2023-11-21,Central,Home Office,Technology,Laptop,4812.76,9,385.7,0.0
10490,2024-05-30,West,Home Office,Technology,Mouse,1649.38,3,70.58,0.0
10491,2023-01-16,South,Consumer,Furniture,Chair,632.34,3,-16.08,0.0
10492,2023-12-02,East,Corporate,Furniture,Table,879.8,4,104.06,0.2
10493,2023-09-15,East,Home Office,Technology,Mouse,,5,36.95,0.1
10494,2024-05-11,East,Corporate,Office Supplies,Paper,21.99,1,2.05,0.0
10495,2023-06-09,,Consumer,Furniture,Table,1240.98,7,356.05,0.1
10496,2024-04-19,Central,Corporate,Office Supplies,Art,195.49,9,55.29,0.0
10497,2024-10-25,South,Home Office,Furniture,Table,1553.35,8,139.86,0.2
10498,2024-11-20,West,Home Office,Furniture,Chair,1159.18,5,127.53,0.1
10499,2024-11-05,South,Corporate,Furniture,Chair,866.33,4,0.75,0.2
10500,2024-01-15,Central,Consumer,Office Supplies,Pen,137.02,7,-6.94,0.0
10501,2024-06-28,,Corporate,Furniture,Sofa,882.39,5,-87.91,0.0
10502,2024-11-21,Central,Consumer,Office Supplies,Paper,114.2,7,33.22,0.0
10503,2024-03-02,South,Corporate,Technology,Laptop,448.47,1,74.14,0.0
10504,2024-09-04,West,Home Office,Office Supplies,Binder,,1,2.73,0.0
10505,2023-09-25,Central,Consumer,Office Supplies,Paper,51.68,3,9.88,0.0
10506,2024-07-30,West,Consumer,Office Supplies,Paper,41.6,2,8.01,0.0
10507,2024-02-21,Central,Consumer,Technology,Laptop,1107.9,2,321.47,0.0
10508,2023-06-17,West,Home Office,Office Supplies,Binder,144.12,7,5.28,0.0
10509,2023-02-12,West,Corporate,Furniture,Sofa,423.75,2,-30.77,0.0
10510,2024-07-09,East,Home Office,Technology,Phone,2317.92,4,-121.11,0.2
10511,2023-10-12,West,Consumer,Technology,Monitor,931.14,2,210.71,0.0
10512,2024-02-01,East,Corporate,Office Supplies,Pen,124.67,6,7.16,0.0
10513,2023-01-12,South,Home Office,Office Supplies,Pen,158.3,8,38.28,0.1
10514,2024-08-29,South,Consumer,Technology,Monitor,1872.0,4,463.99,0.0
10515,2023-10-29,East,Consumer,Furniture,Table,835.25,5,176.0,0.0
10516,2023-09-10,East,Home Office,Office Supplies,Art,91.12,4,-2.49,0.0
10517,2024-05-13,Central,Home Office,Office Supplies,Art,58.33,3,-1.97,0.0
10518,2023-02-04,Central,Home Office,Office Supplies,Binder,108.26,5,12.36,0.2
10519,2024-12-27,Central,Consumer,Technology,Monitor,4743.58,9,-101.54,0.0
10520,2023-03-31,South,Home Office,Technology,Monitor,3538.79,8,-295.14,0.0
10521,2024-08-27,Central,Consumer,Office Supplies,Paper,148.61,8,18.41,0.0
10522,2024-08-24,West,Home Office,Office Supplies,Paper,182.91,8,30.5,0.0
10523,2024-02-22,West,Consumer,Technology,Monitor,3896.63,8,1095.92,0.1
10524,2023-04-25,Central,Consumer,Technology,Phone,3806.94,7,1035.74,0.0
10525,2024-09-08,West,Corporate,Office Supplies,Paper,161.77,8,0.58,0.0
10526,2023-07-15,South,Home Office,Technology,Laptop,3284.52,8,625.48,0.0
10527,2024-05-15,West,Home Office,Office Supplies,Art,135.76,8,2.87,0.0
10528,2024-09-17,South,Consumer,Technology,Mouse,3545.46,7,445.9,0.0
10529,2024-05-07,East,Consumer,Furniture,Chair,208.05,1,-6.97,0.1
10530,2023-03-16,East,Consumer,Furniture,Bookshelf,,4,111.85,0.1
10531,2024-02-17,East,Corporate,Office Supplies,Binder,95.03,4,18.16,0.2
10532,2024-01-11,East,Corporate,Technology,Laptop,2922.6,5,598.8,0.1
10533,2024-02-24,West,Consumer,Furniture,Sofa,1244.02,6,-28.85,0.0
10534,2024-12-29,Central,Home Office,Furniture,Bookshelf,853.34,4,127.45,0.0
10535,2023-10-04,West,Home Office,Furniture,Bookshelf,416.4,2,39.94,0.1
10536,2024-11-06,,Corporate,Technology,Mouse,3034.39,6,102.49,0.1
10537,2024-01-29,West,Corporate,Office Supplies,Paper,161.24,8,-3.38,0.1
10538,2024-04-01,West,Consumer,Office Supplies,Binder,179.53,8,-4.61,0.0
10539,2023-07-11,South,Home Office,Office Supplies,Pen,116.76,7,8.7,0.0
10540,2024-11-19,East,Consumer,Furniture,Bookshelf,1275.99,6,95.81,0.1
10541,2023-04-09,East,Corporate,Technology,Mouse,910.7,2,112.26,0.1
10542,2024-07-01,East,Home Office,Office Supplies,Binder,131.43,7,35.9,0.5
10543,2023-04-06,Central,Home Office,Technology,Phone,2922.65,5,295.04,0.0
10544,2024-10-25,South,Corporate,Furniture,Table,1117.38,6,217.73,0.0
10545,2024-10-24,South,Consumer,Technology,Monitor,3258.74,8,292.99,0.0
10546,2023-07-09,West,Consumer,Furniture,Bookshelf,1495.25,8,401.05,0.1
10547,2023-02-06,Central,Home Office,Furniture,Table,482.88,3,58.49,0.0
10548,2024-01-04,East,Corporate,Furniture,Bookshelf,1534.77,7,144.28,0.0
10549,2024-11-25,Central,Home Office,Office Supplies,Pen,,1,4.82,0.5
10550,2024-06-08,South,Corporate,Furniture,Sofa,201.44,1,29.34,0.0
10551,2023-10-06,South,Consumer,Office Supplies,Art,125.25,7,11.7,0.1
10552,2023-08-05,West,Corporate,Office Supplies,Pen,174.9,9,-12.25,0.0
10553,2023-09-30,West,Consumer,Technology,Mouse,2948.62,7,692.89,0.1
10554,2023-03-03,South,Corporate,Furniture,Sofa,895.93,5,-19.73,0.0
10555,2024-08-18,East,Home Office,Office Supplies,Pen,,8,33.27,0.2
10556,2024-12-29,East,Consumer,Office Supplies,Art,32.99,2,4.31,0.2
10557,2023-12-08,Central,Home Office,Office Supplies,Binder,152.58,9,-13.03,0.0
10558,2024-02-01,South,Home Office,Office Supplies,Art,98.53,6,23.02,0.0
10559,2024-11-29,South,Consumer,Office Supplies,Binder,152.49,9,-12.5,0.0
10560,2023-01-19,East,Consumer,Office Supplies,Binder,39.01,2,9.27,0.0
10561,2023-06-26,East,Home Office,Technology,Laptop,1357.45,3,93.24,0.1
10562,2024-09-03,South,Home Office,Office Supplies,Pen,130.56,8,10.4,0.0
10563,2024-01-31,West,Home Office,Technology,Phone,515.52,1,66.17,0.0
10564,2024-03-20,South,Home Office,Office Supplies,Art,130.62,7,3.42,0.0
10565,2023-08-21,South,Consumer,Furniture,Bookshelf,1179.71,7,55.12,0.1
10566,2023-03-17,East,Consumer,Furniture,Bookshelf,167.96,1,34.71,0.2
10567,2023-09-22,East,Home Office,Office Supplies,Art,213.57,9,61.52,0.0
10568,2024-03-30,West,Corporate,Office Supplies,Binder,183.36,8,25.73,0.0
10569,2024-12-18,,Corporate,Office Supplies,Art,86.43,4,1.22,0.0
10570,2024-01-19,Central,Consumer,Office Supplies,Paper,105.23,5,8.66,0.0
10571,2024-07-17,South,Home Office,Office Supplies,Binder,39.71,2,8.07,0.0
10572,2024-05-20,East,Home Office,Furniture,Chair,1642.98,9,44.72,0.0
10573,2024-01-02,West,Consumer,Office Supplies,Pen,140.38,6,-10.88,0.0
10574,2023-05-24,Central,Corporate,Furniture,Table,596.55,3,158.16,0.0
10575,2023-03-10,Central,Corporate,Office Supplies,Art,146.18,7,17.33,0.0
10576,2023-04-09,East,Corporate,Furniture,Bookshelf,1619.82,9,60.44,0.0
10577,2024-01-31,East,Consumer,Office Supplies,Art,68.45,3,8.47,0.0
10578,2023-01-25,Central,Corporate,Technology,Phone,1005.9,2,-60.52,0.1
10579,2024-04-13,West,Consumer,Office Supplies,Binder,112.9,7,32.23,0.1
10580,2024-04-28,Central,Consumer,Office Supplies,Pen,133.11,7,18.81,0.0
10581,2024-07-18,South,Home Office,Technology,Phone,1663.77,4,288.24,0.0
10582,2023-05-31,South,Corporate,Furniture,Sofa,2111.45,9,275.05,0.1
10583,2023-05-24,East,Consumer,Office Supplies,Binder,136.07,8,18.06,0.2
10584,2024-07-22,West,Corporate,Furniture,Chair,221.31,1,13.85,0.0
10585,2023-02-08,West,Corporate,Technology,Phone,575.97,1,91.85,0.0
10586,2023-04-19,South,Home Office,Furniture,Bookshelf,1159.7,5,173.26,0.0
10587,2024-11-23,Central,Corporate,Technology,Monitor,2557.55,6,61.07,0.0
10588,2023-02-11,East,Home Office,Technology,Laptop,1321.08,3,348.14,0.0
10589,2023-07-05,Central,Consumer,Technology,Laptop,4968.72,9,847.46,0.0
10590,2024-02-02,Central,Corporate,Office Supplies,Art,110.45,6,-2.91,0.0
10591,2023-08-11,Central,Consumer,Office Supplies,Pen,88.21,4,7.91,0.0
10592,2024-09-25,West,Corporate,Office Supplies,Art,124.64,7,18.28,0.0
10593,2023-05-13,,Consumer,Office Supplies,Pen,130.58,8,3.98,0.0
10594,2023-06-12,West,Corporate,Furniture,Chair,1777.36,9,-72.55,0.0
10595,2023-08-03,South,Corporate,Technology,Mouse,3581.59,6,-58.6,0.0
10596,2023-08-23,East,Corporate,Furniture,Chair,1022.57,6,-19.01,0.0
10597,2024-10-19,East,Corporate,Office Supplies,Art,177.22,8,12.44,0.1
10598,2024-08-10,,Corporate,Furniture,Bookshelf,1026.17,5,-93.99,0.0
10599,2023-01-09,South,Corporate,Furniture,Bookshelf,488.26,3,38.25,0.1
10600,2023-03-15,South,Corporate,Furniture,Sofa,676.0,3,171.77,0.2
10601,2024-05-06,South,Corporate,Furniture,Chair,1001.62,6,115.53,0.0
10602,2023-09-10,Central,Corporate,Furniture,Sofa,466.12,2,25.72,0.0
10603,2023-08-18,Central,Consumer,Technology,Monitor,3395.48,6,-157.96,0.0
10604,2024-06-02,East,Home Office,Office Supplies,Art,140.9,6,28.26,0.1
10605,2023-06-23,West,Corporate,Technology,Phone,4706.14,8,803.09,0.2
10606,2024-10-14,,Home Office,Office Supplies,Paper,132.35,7,36.43,0.1
10607,2023-06-17,South,Corporate,Office Supplies,Pen,145.64,8,4.79,0.0
10608,2023-06-19,West,Corporate,Technology,Phone,4861.46,9,1002.07,0.0
10609,2024-01-28,South,Consumer,Office Supplies,Pen,140.61,6,-2.54,0.0
10610,2024-09-25,Central,Consumer,Furniture,Bookshelf,671.52,3,131.23,0.0
10611,2023-07-13,Central,Home Office,Technology,Laptop,1238.28,3,67.97,0.0
10612,2024-05-31,South,Consumer,Furniture,Chair,182.62,1,3.98,0.0
10613,2023-01-29,Central,Consumer,Technology,Phone,2982.95,5,468.65,0.1
10614,2023-06-14,Central,Home Office,Furniture,Chair,869.66,4,252.76,0.0
10615,2024-02-26,South,Consumer,Technology,Laptop,,9,944.52,0.0
10616,2023-12-05,East,Corporate,Office Supplies,Art,175.29,9,43.44,0.0
10617,2024-10-09,West,Home Office,Furniture,Table,872.26,5,243.43,0.1
10618,2024-05-10,Central,Home Office,Technology,Monitor,1775.02,4,54.12,0.1
10619,2023-12-31,East,Corporate,Office Supplies,Paper,154.35,7,8.88,0.0
10620,2023-12-08,Central,Consumer,Furniture,Table,1251.94,6,97.44,0.0
10621,2024-05-14,,Home Office,Furniture,Chair,877.56,4,-7.61,0.0
10622,2024-10-18,West,Home Office,Technology,Monitor,823.38,2,16.44,0.2
10623,2024-05-25,Central,Corporate,Technology,Monitor,494.86,1,-16.23,0.0
10624,2023-11-23,West,Corporate,Office Supplies,Binder,75.35,4,4.52,0.0
10625,2023-08-05,West,Consumer,Office Supplies,Art,65.84,4,8.78,0.0
10626,2023-10-28,West,Home Office,Technology,Mouse,576.87,1,-22.67,0.0
10627,2023-05-12,East,Consumer,Office Supplies,Pen,124.69,6,20.69,0.1
10628,2023-03-11,South,Consumer,Office Supplies,Paper,77.42,4,13.97,0.0
10629,2023-09-09,East,Corporate,Technology,Mouse,482.15,1,49.11,0.0
10630,2024-02-19,South,Home Office,Office Supplies,Pen,16.06,1,2.84,0.0
10631,2024-03-20,South,Home Office,Furniture,Bookshelf,212.91,1,-18.02,0.0
10632,2023-07-01,West,Home Office,Furniture,Sofa,1515.68,8,441.99,0.2
10633,2023-06-16,Central,Corporate,Office Supplies,Pen,154.93,8,15.61,0.0
10634,2023-04-01,West,Corporate,Technology,Laptop,1163.97,2,217.55,0.1
10635,2024-12-14,Central,Corporate,Technology,Laptop,3614.9,7,792.1,0.1
10636,2024-06-14,South,Corporate,Furniture,Bookshelf,1833.19,8,151.71,0.0
10637,2023-02-08,West,Corporate,Technology,Laptop,3960.17,8,215.51,0.0
10638,2023-05-06,Central,Home Office,Technology,Laptop,4153.39,7,742.9,0.0
10639,2024-03-26,East,Consumer,Office Supplies,Paper,83.33,5,20.43,0.1
10640,2023-06-22,Central,Home Office,Office Supplies,Pen,19.84,1,-1.44,0.0
10641,2024-10-14,West,Consumer,Office Supplies,Art,183.58,9,12.28,0.0
10642,2023-08-08,East,Corporate,Technology,Mouse,,7,-74.14,0.0
10643,2024-09-29,Central,Consumer,Furniture,Sofa,452.23,2,55.66,0.1
10644,2023-02-27,Central,Home Office,Technology,Mouse,2465.53,6,711.89,0.0
10645,2024-10-21,Central,Home Office,Furniture,Table,402.02,2,6.57,0.0
10646,2024-04-20,Central,Consumer,Furniture,Chair,197.55,1,48.03,0.0
10647,2024-03-31,Central,Corporate,Technology,Monitor,3226.86,7,-73.99,0.0
10648,2023-12-27,East,Corporate,Office Supplies,Pen,,2,0.65,0.1
10649,2023-01-01,South,Home Office,Furniture,Chair,444.81,2,39.43,0.0
10650,2024-01-22,East,Consumer,Office Supplies,Paper,89.1,5,-2.99,0.1
10651,2023-12-14,East,Corporate,Office Supplies,Paper,93.31,5,25.75,0.0
10652,2023-07-09,East,Corporate,Office Supplies,Binder,131.21,7,38.74,0.0
10653,2024-05-19,South,Home Office,Furniture,Chair,198.82,1,-5.63,0.0
10654,2023-07-10,West,Corporate,Furniture,Chair,1850.33,8,155.69,0.0
10655,2024-05-22,South,Consumer,Furniture,Chair,650.32,3,190.86,0.0
10656,2024-01-04,East,Home Office,Furniture,Chair,656.06,4,-40.23,0.0
10657,2024-02-13,Central,Home Office,Technology,Phone,4896.82,9,62.34,0.0
10658,2023-04-27,Central,Consumer,Technology,Mouse,1747.44,4,-147.23,0.0
10659,2023-05-14,,Home Office,Office Supplies,Pen,80.87,5,16.97,0.0
10660,2023-02-27,Central,Corporate,Office Supplies,Paper,119.53,7,10.41,0.2
10661,2024-07-09,East,Corporate,Office Supplies,Binder,83.39,4,5.95,0.0
10662,2024-11-15,Central,Consumer,Office Supplies,Paper,16.22,1,3.46,0.0
10663,2024-11-02,,Corporate,Office Supplies,Pen,144.76,9,29.64,0.0
10664,2023-06-22,West,Consumer,Furniture,Bookshelf,925.86,4,67.71,0.1
10665,2023-05-29,West,Consumer,Technology,Phone,4563.98,9,414.38,0.1
10666,2023-03-21,South,Corporate,Technology,Phone,2867.05,6,731.01,0.0
10667,2023-08-01,South,Consumer,Office Supplies,Paper,23.15,1,0.79,0.1
10668,2023-07-22,East,Corporate,Technology,Phone,1569.04,3,424.84,0.0
10669,2023-08-17,East,Home Office,Furniture,Bookshelf,473.93,2,49.09,0.0
10670,2024-11-06,East,Home Office,Furniture,Sofa,1766.03,9,20.27,0.1
10671,2023-08-15,Central,Consumer,Office Supplies,Binder,23.67,1,-1.01,0.1
10672,2024-10-20,East,Corporate,Technology,Phone,4643.69,9,60.46,0.0
10673,2024-06-15,South,Corporate,Technology,Mouse,4102.21,9,254.29,0.1
10674,2024-03-16,West,Home Office,Furniture,Chair,1919.23,8,-149.73,0.0
10675,2024-02-06,Central,Home Office,Furniture,Chair,1650.27,8,-110.52,0.1
10676,2023-02-16,East,Corporate,Furniture,Bookshelf,172.36,1,13.07,0.0
10677,2023-08-21,Central,Consumer,Office Supplies,Paper,160.67,8,0.57,0.0
10678,2023-11-01,Central,Home Office,Technology,Monitor,1389.87,3,-90.64,0.0
10679,2024-06-09,East,Consumer,Office Supplies,Paper,128.98,7,36.97,0.0
10680,2023-05-23,Central,Consumer,Office Supplies,Paper,23.56,1,0.8,0.0
10681,2024-02-19,West,Home Office,Office Supplies,Pen,20.57,1,5.43,0.0
10682,2024-05-27,South,Consumer,Technology,Phone,2006.18,5,449.93,0.0
10683,2024-01-08,South,Consumer,Office Supplies,Art,117.93,5,-7.49,0.0
10684,2024-07-19,,Corporate,Office Supplies,Paper,138.33,8,39.33,0.0
10685,2023-09-16,Central,Consumer,Furniture,Chair,1421.02,7,-134.03,0.0
10686,2024-10-17,East,Corporate,Office Supplies,Pen,144.49,8,11.56,0.0
10687,2024-04-15,Central,Home Office,Furniture,Table,1292.6,6,249.81,0.1
10688,2023-01-12,West,Home Office,Furniture,Bookshelf,1437.8,6,21.57,0.1
10689,2023-11-26,Central,Corporate,Technology,Monitor,1015.29,2,115.06,0.1
10690,2023-12-24,South,Home Office,Technology,Laptop,2886.77,6,-93.34,0.0
10691,2024-02-12,Central,Consumer,Office Supplies,Paper,119.1,5,28.74,0.1
10692,2024-10-29,West,Consumer,Technology,Monitor,1499.0,3,211.81,0.0
10693,2024-01-08,South,Consumer,Furniture,Chair,1069.09,6,125.63,0.0
10694,2023-01-08,Central,Home Office,Technology,Monitor,4311.95,8,457.36,0.0
10695,2023-05-02,Central,Consumer,Technology,Mouse,5382.51,9,777.97,0.1
10696,2023-12-14,South,Home Office,Technology,Phone,474.19,1,99.04,0.0
10697,2024-11-06,East,Consumer,Technology,Phone,1302.28,3,70.07,0.0
10698,2023-03-31,South,Corporate,Technology,Monitor,1408.18,3,102.41,0.0
10699,2024-10-09,East,Home Office,Technology,Mouse,4450.85,8,416.91,0.1
10700,2024-11-28,West,Home Office,Furniture,Chair,223.52,1,29.19,0.0
10701,2023-11-12,West,Consumer,Office Supplies,Binder,93.68,5,20.98,0.0
10702,2023-06-27,South,Home Office,Office Supplies,Paper,53.72,3,-0.55,0.0
10703,2024-06-23,South,Home Office,Furniture,Sofa,400.72,2,1.74,0.0
10704,2023-02-10,West,Corporate,Furniture,Sofa,,8,204.85,0.0
10705,2024-12-04,East,Corporate,Office Supplies,Binder,60.27,3,4.71,0.0
10706,2024-05-16,West,Consumer,Furniture,Bookshelf,1661.5,7,213.47,0.1
10707,2023-05-25,South,Corporate,Technology,Mouse,572.69,1,-25.32,0.0
10708,2023-07-20,West,Consumer,Office Supplies,Art,123.32,6,30.48,0.0
10709,2024-12-24,South,Consumer,Office Supplies,Paper,61.99,3,11.61,0.0
10710,2024-04-05,South,Consumer,Office Supplies,Pen,151.81,8,-9.57,0.0
10711,2024-07-11,West,Home Office,Furniture,Sofa,1179.79,6,68.18,0.0
10712,2024-06-30,East,Corporate,Office Supplies,Pen,45.87,2,-0.11,0.0
10713,2023-09-10,Central,Consumer,Office Supplies,Binder,142.4,6,40.34,0.0
10714,2024-01-25,West,Corporate,Technology,Monitor,3146.68,7,123.42,0.1
10715,2024-08-16,Central,Consumer,Office Supplies,Binder,115.82,5,33.2,0.0
10716,2023-09-13,West,Corporate,Furniture,Bookshelf,586.43,3,16.65,0.0
10717,2024-12-09,Central,Corporate,Technology,Monitor,,4,353.87,0.1
10718,2024-03-25,East,Consumer,Furniture,Table,727.51,4,141.57,0.0
10719,2023-01-10,East,Home Office,Furniture,Table,984.8,6,-79.06,0.1
10720,2023-08-30,West,Corporate,Office Supplies,Binder,19.09,1,0.79,0.0
10721,2023-09-08,South,Home Office,Office Supplies,Pen,74.1,4,7.14,0.0
10722,2023-01-05,Central,Home Office,Furniture,Table,742.63,4,-17.15,0.1
10723,2023-04-29,South,Consumer,Technology,Monitor,461.89,1,133.93,0.0
10724,2024-01-09,South,Consumer,Furniture,Bookshelf,1736.0,9,135.21,0.0
10725,2023-03-06,South,Consumer,Office Supplies,Paper,82.45,4,24.19,0.1
10726,2023-05-26,East,Corporate,Furniture,Table,1255.3,7,216.55,0.0
10727,2023-08-12,West,Consumer,Furniture,Table,651.84,3,93.17,0.0
10728,2023-08-27,,Consumer,Furniture,Bookshelf,501.26,3,85.59,0.0
10729,2023-06-26,,Corporate,Office Supplies,Art,132.1,8,18.29,0.1
10730,2023-10-09,East,Corporate,Office Supplies,Pen,175.33,8,-2.74,0.2
10731,2023-03-04,West,Consumer,Furniture,Table,227.33,1,-19.97,0.0
10732,2023-08-05,South,Consumer,Furniture,Table,455.01,2,38.28,0.0
10733,2024-11-19,Central,Consumer,Technology,Phone,3548.14,8,-164.95,0.2
10734,2024-04-05,,Consumer,Office Supplies,Art,23.63,1,-1.68,0.0
10735,2024-09-01,Central,Home Office,Technology,Mouse,3518.55,8,137.68,0.0
10736,2023-04-15,South,Home Office,Technology,Laptop,4192.38,8,494.37,0.1
10737,2023-04-09,West,Consumer,Furniture,Table,340.1,2,5.4,0.1
10738,2024-05-25,East,Home Office,Technology,Mouse,1791.0,4,-26.12,0.1
10739,2024-01-20,West,Corporate,Office Supplies,Pen,115.73,6,21.02,0.0
10740,2024-02-09,South,Home Office,Technology,Laptop,3991.42,9,186.29,0.0
10741,2024-06-01,East,Home Office,Furniture,Bookshelf,1530.19,8,444.65,0.0
10742,2024-04-20,South,Consumer,Furniture,Bookshelf,1890.99,8,416.12,0.0
10743,2024-12-09,Central,Home Office,Office Supplies,Pen,125.53,7,-9.14,0.0
10744,2024-10-06,Central,Home Office,Technology,Phone,4170.43,9,28.02,0.1
10745,2024-03-12,South,Home Office,Furniture,Table,400.95,2,84.64,0.0
10746,2023-01-23,,Home Office,Furniture,Bookshelf,686.0,3,163.23,0.1
10747,2024-07-18,East,Corporate,Technology,Mouse,3775.48,8,660.31,0.0
10748,2024-11-07,West,Consumer,Technology,Mouse,2775.4,6,-209.93,0.0
10749,2024-12-14,Central,Consumer,Technology,Laptop,4862.82,9,-467.17,0.0
10750,2024-04-02,West,Corporate,Furniture,Table,770.94,4,24.48,0.0
10751,2023-03-24,West,Home Office,Furniture,Chair,1723.76,8,355.95,0.0
10752,2023-05-25,South,Corporate,Furniture,Table,552.98,3,124.23,0.2
10753,2023-03-26,South,Home Office,Furniture,Table,550.54,3,43.23,0.1
10754,2023-03-19,West,Corporate,Technology,Monitor,4363.23,8,773.03,0.0
10755,2024-04-01,Central,Consumer,Furniture,Table,1194.95,5,-11.87,0.0
10756,2023-01-01,,Consumer,Technology,Laptop,1597.39,3,229.82,0.2
10757,2023-02-20,West,Consumer,Office Supplies,Pen,23.32,1,-0.87,0.0
10758,2024-11-15,West,Home Office,Technology,Phone,1651.08,3,210.19,0.0
10759,2024-12-17,West,Home Office,Furniture,Bookshelf,1637.76,9,147.03,0.0
10760,2024-03-21,West,Corporate,Technology,Mouse,2333.78,5,307.42,0.2
10761,2024-03-24,West,Corporate,Office Supplies,Binder,46.22,2,5.9,0.0
10762,2024-05-02,West,Consumer,Office Supplies,Paper,147.38,7,15.84,0.0
10763,2023-02-03,South,Home Office,Office Supplies,Art,32.82,2,-0.23,0.2
10764,2023-12-14,Central,Corporate,Technology,Phone,1993.6,4,48.03,0.0
10765,2023-04-05,West,Home Office,Office Supplies,Art,122.18,7,12.42,0.0
10766,2023-03-13,East,Home Office,Furniture,Chair,743.3,4,2.41,0.0
10767,2024-07-04,South,Consumer,Technology,Phone,3449.58,7,-161.05,0.1
10768,2023-06-03,South,Consumer,Furniture,Bookshelf,1639.54,7,405.1,0.0
10769,2023-09-07,West,Home Office,Office Supplies,Pen,21.66,1,-1.25,0.5
10770,2024-11-04,South,Home Office,Technology,Mouse,3331.05,6,743.43,0.0
10771,2024-03-13,West,Home Office,Furniture,Chair,1992.79,9,-108.43,0.0
10772,2023-04-28,Central,Home Office,Office Supplies,Art,42.3,2,9.89,0.5
10773,2023-11-02,Central,Consumer,Furniture,Sofa,618.56,3,98.08,0.0
10774,2023-09-25,South,Corporate,Technology,Mouse,2458.36,5,274.07,0.0
10775,2023-02-23,South,Consumer,Furniture,Sofa,1464.75,9,227.89,0.0
10776,2023-08-24,East,Corporate,Office Supplies,Art,66.61,4,4.93,0.0
10777,2024-01-24,South,Home Office,Office Supplies,Binder,18.34,1,2.17,0.0
10778,2024-02-05,East,Corporate,Office Supplies,Art,68.27,4,12.06,0.0
10779,2024-09-15,Central,Consumer,Furniture,Table,1341.61,6,-46.5,0.0
10780,2023-10-30,Central,Consumer,Technology,Laptop,2104.31,5,-87.95,0.1
10781,2023-07-26,West,Home Office,Office Supplies,Paper,23.02,1,2.56,0.0
10782,2023-08-17,Central,Consumer,Technology,Mouse,1973.81,4,-113.13,0.5
10783,2024-07-31,East,Home Office,Office Supplies,Paper,127.18,6,31.44,0.0
10784,2023-03-16,South,Consumer,Furniture,Bookshelf,,4,136.13,0.0
10785,2024-03-10,West,Consumer,Office Supplies,Binder,149.42,9,-8.22,0.0
10786,2023-04-13,East,Home Office,Office Supplies,Art,81.97,5,0.25,0.0
10787,2024-02-26,South,Corporate,Office Supplies,Art,136.68,8,0.55,0.0
10788,2024-12-04,West,Consumer,Office Supplies,Art,171.72,9,47.6,0.1
10789,2023-11-02,Central,Corporate,Furniture,Chair,1044.15,5,244.32,0.2
10790,2023-04-08,East,Consumer,Furniture,Bookshelf,1300.97,6,-71.55,0.2
10791,2023-12-01,South,Consumer,Technology,Phone,547.18,1,5.49,0.0
10792,2024-03-10,West,Consumer,Technology,Mouse,3694.75,7,134.43,0.1
10793,2024-03-22,West,Consumer,Office Supplies,Paper,95.93,4,0.52,0.0
10794,2023-11-04,Central,Corporate,Office Supplies,Pen,36.47,2,9.93,0.0
10795,2023-09-06,South,Corporate,Technology,Mouse,2024.64,5,361.75,0.1
10796,2023-06-15,Central,Consumer,Furniture,Sofa,654.08,3,153.42,0.0
10797,2024-04-25,Central,Consumer,Technology,Mouse,3569.33,6,1035.96,0.0
10798,2023-12-01,South,Corporate,Office Supplies,Pen,132.18,8,30.23,0.0
10799,2024-06-25,,Home Office,Technology,Mouse,3704.83,7,588.83,0.0
10800,2023-04-16,South,Home Office,Technology,Mouse,1277.01,3,204.42,0.1
10801,2024-07-16,East,Corporate,Office Supplies,Pen,190.88,8,50.53,0.0
10802,2023-03-22,South,Consumer,Furniture,Chair,390.26,2,-32.79,0.5
10803,2023-05-13,West,Consumer,Office Supplies,Pen,170.09,9,39.21,0.0
10804,2023-05-18,Central,Home Office,Office Supplies,Paper,86.45,4,7.24,0.0
10805,2023-07-03,,Home Office,Office Supplies,Art,16.44,1,1.16,0.0
10806,2024-02-05,South,Corporate,Technology,Mouse,3950.44,8,1072.24,0.0
10807,2023-11-26,,Home Office,Furniture,Chair,1479.01,7,36.47,0.0
10808,2024-05-22,South,Corporate,Office Supplies,Art,101.01,5,-7.43,0.1
10809,2023-03-10,East,Home Office,Office Supplies,Pen,118.9,5,5.23,0.1
10810,2024-06-29,Central,Home Office,Office Supplies,Art,138.76,7,5.84,0.2
10811,2023-02-22,Central,Home Office,Furniture,Bookshelf,1073.0,5,176.93,0.1
10812,2024-03-25,,Consumer,Office Supplies,Pen,173.78,8,1.26,0.1
10813,2023-07-24,West,Consumer,Office Supplies,Pen,111.15,6,-5.55,0.0
10814,2023-05-06,South,Consumer,Furniture,Table,1062.2,5,-89.31,0.1
10815,2023-02-12,Central,Home Office,Technology,Phone,4675.83,9,1159.04,0.0
10816,2023-04-21,East,Corporate,Furniture,Chair,462.53,2,36.82,0.0
10817,2024-10-24,East,Corporate,Technology,Monitor,491.86,1,-34.04,0.0
10818,2023-07-02,East,Corporate,Office Supplies,Binder,170.93,8,39.06,0.0
10819,2023-04-05,,Corporate,Office Supplies,Art,53.87,3,3.69,0.0
10820,2024-01-09,East,Consumer,Office Supplies,Binder,158.98,7,39.88,0.2
10821,2024-06-03,West,Consumer,Office Supplies,Binder,143.56,8,17.26,0.0
10822,2023-12-26,West,Home Office,Office Supplies,Binder,105.24,6,-6.24,0.0
10823,2024-11-26,South,Home Office,Technology,Laptop,5240.02,9,1195.79,0.0
10824,2023-10-08,,Corporate,Furniture,Sofa,1545.62,7,-124.41,0.0
10825,2023-07-14,East,Consumer,Office Supplies,Art,113.75,5,8.56,0.0
10826,2023-07-14,Central,Corporate,Technology,Phone,3747.83,8,444.46,0.0
10827,2024-10-28,South,Home Office,Office Supplies,Paper,33.46,2,6.78,0.0
10828,2023-04-03,Central,Home Office,Office Supplies,Pen,144.62,7,-3.67,0.0
10829,2024-11-02,South,Corporate,Technology,Laptop,1750.59,4,-46.04,0.1
10830,2023-03-02,East,Home Office,Office Supplies,Paper,148.1,9,20.01,0.1
10831,2024-09-25,West,Corporate,Office Supplies,Paper,22.72,1,-2.11,0.0
10832,2023-02-20,West,Consumer,Technology,Mouse,2868.61,7,370.36,0.0
10833,2024-02-07,,Corporate,Technology,Mouse,3383.39,6,103.86,0.0
10834,2023-01-05,West,Consumer,Office Supplies,Pen,150.38,8,20.83,0.1
10835,2024-04-10,West,Consumer,Technology,Phone,2274.21,5,-203.22,0.0
10836,2024-08-26,Central,Home Office,Technology,Laptop,547.05,1,82.2,0.0
10837,2024-11-12,South,Home Office,Technology,Laptop,516.15,1,101.51,0.1
10838,2024-06-17,East,Home Office,Technology,Laptop,4815.42,9,-84.98,0.0
10839,2024-02-09,Central,Corporate,Office Supplies,Art,112.92,6,-5.6,0.0
10840,2024-05-27,South,Corporate,Office Supplies,Art,85.19,5,14.52,0.0
10841,2024-10-06,West,Home Office,Office Supplies,Pen,22.87,1,6.52,0.2
10842,2023-08-21,South,Corporate,Office Supplies,Pen,126.16,6,-3.33,0.1
10843,2024-06-07,South,Home Office,Furniture,Table,1010.71,6,227.55,0.1
10844,2023-12-12,West,Corporate,Furniture,Sofa,618.9,3,91.17,0.0
10845,2023-02-15,West,Consumer,Technology,Laptop,4450.34,8,806.89,0.0
10846,2024-06-29,West,Consumer,Furniture,Table,226.76,1,-17.58,0.2
10847,2023-03-19,East,Home Office,Office Supplies,Paper,21.98,1,5.28,0.2
10848,2024-12-30,West,Corporate,Furniture,Sofa,1097.34,6,171.38,0.0
10849,2023-03-14,East,Corporate,Technology,Monitor,462.83,1,131.07,0.1
10850,2023-09-06,West,Consumer,Furniture,Table,976.04,6,128.76,0.0
10851,2023-02-16,East,Consumer,Furniture,Chair,173.32,1,32.04,0.0
10852,2023-05-01,South,Home Office,Furniture,Table,1044.43,6,-6.11,0.0
10853,2023-08-02,Central,Consumer,Furniture,Table,598.65,3,159.2,0.0
10854,2023-08-27,South,Home Office,Furniture,Bookshelf,1415.5,8,-59.88,0.2
10855,2023-02-25,South,Consumer,Furniture,Sofa,1324.31,6,132.76,0.0
10856,2023-12-16,West,Consumer,Furniture,Bookshelf,232.94,1,-9.63,0.0
10857,2023-04-17,East,Corporate,Office Supplies,Art,105.84,5,-0.72,0.2
10858,2023-02-17,Central,Consumer,Office Supplies,Pen,138.03,8,23.93,0.2
10859,2024-07-26,West,Consumer,Technology,Laptop,1556.21,3,314.25,0.0
10860,2023-12-03,West,Home Office,Furniture,Bookshelf,1108.54,6,87.78,0.0
10861,2023-01-26,West,Consumer,Office Supplies,Paper,96.22,5,28.25,0.0
10862,2023-09-14,South,Home Office,Technology,Monitor,2750.7,6,49.31,0.0
10863,2023-01-08,East,Consumer,Technology,Monitor,470.91,1,59.26,0.2
10864,2024-09-16,East,Consumer,Furniture,Bookshelf,1261.3,7,335.65,0.2
10865,2023-09-10,Central,Home Office,Office Supplies,Paper,163.13,9,42.14,0.0
10866,2024-11-22,East,Corporate,Furniture,Table,336.56,2,54.73,0.0
10867,2024-12-19,East,Home Office,Office Supplies,Binder,116.28,5,-3.78,0.0
10868,2023-10-30,West,Home Office,Office Supplies,Pen,,4,7.71,0.2
10869,2024-09-30,West,Home Office,Technology,Mouse,3534.86,6,603.5,0.0
10870,2023-02-25,South,Corporate,Technology,Phone,2761.9,6,-68.16,0.0
10871,2024-12-26,West,Consumer,Technology,Monitor,921.49,2,-57.86,0.0
10872,2024-06-09,West,Home Office,Furniture,Bookshelf,343.02,2,-19.94,0.0
10873,2024-04-18,,Home Office,Furniture,Chair,775.34,4,169.2,0.0
10874,2023-01-28,West,Corporate,Office Supplies,Paper,17.13,1,-0.82,0.0
10875,2023-03-19,South,Home Office,Technology,Monitor,4758.17,9,-100.52,0.2
10876,2023-08-04,West,Consumer,Furniture,Sofa,,7,-39.07,0.2
10877,2024-01-21,Central,Corporate,Technology,Mouse,4093.22,7,935.66,0.1
10878,2023-12-31,Central,Consumer,Furniture,Chair,564.98,3,91.71,0.0
10879,2024-10-27,Central,Consumer,Technology,Mouse,1522.37,3,260.1,0.0
10880,2024-06-09,Central,Corporate,Furniture,Sofa,214.61,1,32.51,0.0
10881,2024-11-29,West,Home Office,Office Supplies,Binder,54.39,3,-4.59,0.0
10882,2023-11-08,Central,Consumer,Office Supplies,Binder,58.93,3,15.11,0.2
10883,2023-01-07,West,Consumer,Furniture,Sofa,822.24,4,191.55,0.0
10884,2023-01-03,South,Consumer,Technology,Laptop,2393.3,4,-82.7,0.0
10885,2024-09-14,Central,Consumer,Furniture,Bookshelf,646.03,3,109.64,0.2
10886,2023-12-29,,Corporate,Technology,Monitor,4767.93,8,1402.92,0.2
10887,2024-05-22,Central,Corporate,Office Supplies,Paper,171.95,8,-0.44,0.0
10888,2023-10-01,Central,Consumer,Technology,Phone,,1,-32.01,0.0
10889,2024-05-20,West,Home Office,Furniture,Table,1557.19,7,411.22,0.0
10890,2023-01-15,Central,Consumer,Furniture,Table,381.25,2,58.05,0.0
10891,2023-07-11,East,Home Office,Technology,Laptop,486.03,1,36.5,0.0
10892,2024-09-22,West,Consumer,Office Supplies,Binder,55.45,3,11.36,0.0
10893,2024-04-29,,Home Office,Furniture,Table,939.58,4,259.61,0.2
10894,2023-01-28,South,Consumer,Office Supplies,Binder,104.39,6,26.09,0.0
10895,2024-12-14,,Home Office,Furniture,Table,1094.97,5,1.24,0.0
10896,2023-02-08,Central,Consumer,Technology,Laptop,1653.83,4,11.91,0.0
10897,2023-09-30,South,Consumer,Technology,Phone,,8,714.17,0.0
10898,2023-08-19,South,Home Office,Furniture,Chair,870.74,4,2.49,0.1
10899,2023-03-27,South,Corporate,Furniture,Table,435.1,2,-38.62,0.0
10900,2024-04-18,West,Home Office,Office Supplies,Pen,57.01,3,8.59,0.0
10901,2023-05-06,West,Corporate,Furniture,Chair,1030.13,6,236.11,0.0
10902,2024-06-20,West,Consumer,Office Supplies,Pen,143.04,8,23.02,0.1
10903,2023-05-25,,Home Office,Furniture,Sofa,1539.33,8,213.07,0.0
10904,2024-06-08,West,Home Office,Furniture,Bookshelf,1517.36,9,-141.47,0.1
10905,2023-07-31,South,Home Office,Furniture,Sofa,1629.36,7,12.79,0.0
10906,2023-01-25,West,Corporate,Technology,Monitor,1127.87,2,338.07,0.0
10907,2024-08-02,West,Corporate,Furniture,Sofa,1415.32,8,8.59,0.0
10908,2024-01-29,East,Consumer,Technology,Phone,3728.0,7,1066.88,0.2
10909,2023-03-08,Central,Corporate,Office Supplies,Paper,186.61,8,18.88,0.2
10910,2023-08-21,South,Corporate,Office Supplies,Art,67.08,3,-3.07,0.0
10911,2023-04-19,East,Consumer,Office Supplies,Art,166.74,7,47.64,0.0
10912,2023-05-26,West,Home Office,Technology,Phone,3894.71,9,77.0,0.0
10913,2023-04-21,South,Home Office,Furniture,Sofa,504.04,3,4.38,0.0
10914,2023-08-16,West,Consumer,Furniture,Table,1351.66,6,69.38,0.0
10915,2023-04-21,Central,Home Office,Office Supplies,Pen,33.41,2,1.23,0.2
10916,2024-04-14,East,Corporate,Office Supplies,Pen,47.7,2,7.24,0.2
10917,2023-02-03,Central,Consumer,Furniture,Chair,966.46,5,-32.27,0.0
10918,2024-09-14,East,Consumer,Furniture,Sofa,,5,272.74,0.0
10919,2024-01-04,West,Consumer,Furniture,Chair,1277.63,7,-91.95,0.1
10920,2024-08-17,Central,Home Office,Furniture,Table,329.06,2,-17.06,0.1
10921,2024-07-07,Central,Consumer,Furniture,Chair,1445.23,7,392.39,0.0
10922,2024-02-29,West,Consumer,Office Supplies,Paper,99.87,5,23.69,0.0
10923,2024-09-04,Central,Consumer,Office Supplies,Art,117.4,6,21.54,0.0
10924,2024-06-01,South,Home Office,Furniture,Sofa,1748.4,8,-53.18,0.0
10925,2024-11-22,East,Corporate,Technology,Monitor,1888.97,4,292.64,0.0
10926,2023-10-09,East,Consumer,Office Supplies,Art,115.96,7,5.17,0.0
10927,2023-11-16,East,Corporate,Technology,Laptop,3041.76,6,907.93,0.0
10928,2024-03-18,,Home Office,Furniture,Bookshelf,395.93,2,89.65,0.0
10929,2023-11-11,East,Home Office,Furniture,Sofa,1556.52,8,340.19,0.0
10930,2024-01-12,West,Home Office,Technology,Mouse,4671.75,9,1189.61,0.0
10931,2023-10-16,Central,Home Office,Furniture,Bookshelf,964.38,5,136.67,0.1
10932,2024-03-12,South,Corporate,Furniture,Sofa,841.61,4,56.35,0.1
10933,2024-10-23,East,Consumer,Furniture,Bookshelf,1029.27,6,-64.41,0.0
10934,2023-10-04,West,Home Office,Furniture,Sofa,1290.67,8,321.91,0.0
10935,2024-12-10,Central,Home Office,Furniture,Sofa,536.75,3,-8.26,0.2
10936,2024-08-04,Central,Corporate,Furniture,Bookshelf,218.88,1,6.13,0.0
10937,2024-05-17,,Corporate,Technology,Phone,2004.84,4,-70.16,0.0
10938,2024-09-15,,Home Office,Furniture,Bookshelf,947.12,4,227.91,0.0
10939,2024-05-30,South,Consumer,Technology,Mouse,572.76,1,35.92,0.0
10940,2023-12-16,West,Consumer,Furniture,Chair,1988.9,9,-84.43,0.0
10941,2024-03-21,West,Home Office,Furniture,Sofa,482.07,3,-44.36,0.2
10942,2023-12-16,South,Corporate,Office Supplies,Binder,103.46,5,8.5,0.0
10943,2024-08-29,East,Home Office,Office Supplies,Art,120.86,6,-11.73,0.0
10944,2024-10-25,Central,Home Office,Technology,Mouse,3876.3,8,725.75,0.2
10945,2023-05-17,Central,Corporate,Technology,Monitor,2931.23,6,565.4,0.0
10946,2023-08-31,West,Home Office,Technology,Monitor,1339.81,3,301.8,0.0
10947,2024-06-26,Central,Home Office,Technology,Monitor,3106.12,6,-48.75,0.0
10948,2023-02-09,East,Home Office,Office Supplies,Pen,17.89,1,2.71,0.0
10949,2023-08-17,Central,Corporate,Furniture,Table,905.58,4,60.0,0.0
10950,2024-07-01,West,Consumer,Office Supplies,Art,108.4,6,26.75,0.0
10951,2023-08-11,West,Consumer,Office Supplies,Paper,149.48,7,11.84,0.0
10952,2023-01-06,East,Corporate,Technology,Mouse,1492.74,3,-27.31,0.0
10953,2023-11-18,East,Consumer,Furniture,Bookshelf,1891.3,9,82.27,0.0
10954,2024-04-12,Central,Home Office,Furniture,Chair,1677.56,7,154.46,0.0
10955,2023-03-16,Central,Consumer,Office Supplies,Binder,19.89,1,2.51,0.0
10956,2023-01-04,West,Home Office,Office Supplies,Binder,46.67,2,10.28,0.0
10957,2024-10-07,East,Consumer,Furniture,Sofa,196.09,1,36.76,0.0
10958,2023-04-28,East,Corporate,Office Supplies,Art,186.21,9,18.05,0.2
10959,2024-08-28,East,Consumer,Office Supplies,Pen,157.85,9,13.51,0.0
10960,2024-05-18,Central,Consumer,Furniture,Chair,1257.66,7,334.46,0.0
10961,2024-07-27,East,Consumer,Office Supplies,Binder,56.05,3,15.74,0.1
10962,2024-03-16,West,Corporate,Office Supplies,Binder,101.32,5,15.46,0.0
10963,2023-07-13,West,Consumer,Office Supplies,Paper,81.37,4,-3.93,0.0
10964,2024-12-15,Central,Corporate,Furniture,Sofa,1330.46,7,-80.28,0.1
10965,2024-01-27,South,Home Office,Technology,Mouse,4721.32,9,371.8,0.1
10966,2023-01-26,Central,Consumer,Office Supplies,Paper,44.45,2,-0.53,0.0
10967,2024-03-10,South,Corporate,Furniture,Chair,1385.32,8,86.63,0.0
10968,2023-06-22,East,Corporate,Technology,Mouse,5267.85,9,970.17,0.0
10969,2023-10-27,Central,Consumer,Office Supplies,Binder,174.16,9,18.62,0.1
10970,2024-10-06,West,Home Office,Office Supplies,Binder,116.72,7,34.29,0.0
10971,2023-11-22,East,Corporate,Furniture,Sofa,1919.81,9,27.19,0.0
10972,2024-02-14,West,Consumer,Office Supplies,Binder,186.18,9,-10.46,0.1
10973,2023-04-28,East,Home Office,Furniture,Chair,711.8,3,-21.42,0.0
10974,2024-12-24,Central,Corporate,Technology,Laptop,2118.42,4,-3.85,0.1
10975,2023-08-13,South,Corporate,Office Supplies,Pen,43.48,2,9.16,0.0
10976,2024-06-15,East,Home Office,Office Supplies,Paper,,3,9.35,0.0
10977,2023-04-23,South,Home Office,Office Supplies,Art,115.7,5,-7.93,0.0
10978,2023-05-20,East,Consumer,Furniture,Sofa,932.37,5,-0.64,0.1
10979,2024-07-12,West,Consumer,Technology,Laptop,3585.62,6,199.92,0.0
10980,2023-01-01,West,Corporate,Furniture,Sofa,1530.26,7,266.1,0.0
10981,2023-03-31,East,Home Office,Furniture,Bookshelf,1238.77,7,-5.45,0.0
10982,2024-10-15,South,Home Office,Office Supplies,Art,18.25,1,1.18,0.1
10983,2023-11-16,,Home Office,Office Supplies,Binder,35.75,2,-3.29,0.2
10984,2024-07-03,Central,Corporate,Technology,Phone,5182.91,9,1483.58,0.0
10985,2023-05-19,West,Home Office,Furniture,Bookshelf,374.65,2,13.26,0.0
10986,2024-05-25,Central,Home Office,Office Supplies,Pen,96.34,6,16.58,0.2
10987,2023-09-16,West,Corporate,Furniture,Table,,1,-9.35,0.0
10988,2024-11-03,Central,Consumer,Furniture,Table,518.32,3,111.97,0.0
10989,2024-11-20,,Consumer,Office Supplies,Art,41.86,2,-3.43,0.0
10990,2023-01-10,West,Corporate,Office Supplies,Binder,62.94,3,1.48,0.1
10991,2023-09-18,,Home Office,Technology,Mouse,2368.73,5,492.44,0.0
10992,2024-10-11,East,Corporate,Technology,Mouse,3373.12,6,202.87,0.0
10993,2023-06-21,West,Consumer,Office Supplies,Paper,212.2,9,13.28,0.0
10994,2023-01-13,Central,Consumer,Technology,Phone,2217.47,4,207.45,0.0
10995,2023-06-17,Central,Corporate,Office Supplies,Art,162.26,7,42.69,0.0
10996,2024-10-03,West,Corporate,Furniture,Chair,1001.96,6,275.14,0.0
10997,2024-08-18,Central,Consumer,Office Supplies,Paper,45.21,2,9.79,0.0
10998,2023-11-17,South,Corporate,Furniture,Chair,1408.58,8,312.77,0.0
10999,2023-11-15,West,Consumer,Technology,Mouse,3990.19,7,62.49,0.0
11000,2024-09-04,East,Corporate,Technology,Laptop,4133.16,7,-330.88,0.1
10001,2023-04-13,Central,Consumer,Furniture,Chair,1223.94,6,-97.63,0.0
10002,2024-03-11,Central,Corporate,Furniture,Bookshelf,970.45,5,226.06,0.0
10003,2023-09-28,,Home Office,Technology,Mouse,5050.17,9,-51.88,0.0
10004,2023-04-17,Central,Corporate,Office Supplies,Binder,89.04,5,20.21,0.0
10005,2023-03-13,South,Home Office,Technology,Laptop,1172.16,2,-72.5,0.0
10006,2024-12-01,South,Consumer,Technology,Phone,1960.05,4,68.57,0.2
10007,2023-01-21,West,Home Office,Furniture,Table,2066.9,9,-137.63,0.0
10008,2024-09-06,East,Consumer,Office Supplies,Paper,17.69,1,3.56,0.0
10009,2023-05-02,Central,Consumer,Furniture,Sofa,164.1,1,15.92,0.0
10010,2024-04-11,West,Corporate,Technology,Phone,3418.95,7,115.43,0.0
10011,2023-08-03,West,Corporate,Office Supplies,Art,57.47,3,6.44,0.2
10012,2023-11-27,West,Corporate,Technology,Monitor,864.55,2,111.35,0.0
10013,2024-04-03,,Corporate,Furniture,Sofa,2019.91,9,412.19,0.1
10014,2023-03-29,Central,Home Office,Office Supplies,Art,51.69,3,-2.08,0.0
10015,2024-01-08,Central,Home Office,Furniture,Sofa,362.91,2,16.12,0.0
10016,2023-04-10,East,Home Office,Technology,Phone,3853.53,8,662.34,0.0
10017,2024-10-25,Central,Consumer,Furniture,Table,987.21,6,-85.03,0.0
10018,2023-05-11,Central,Home Office,Office Supplies,Binder,114.81,6,20.54,0.0
10019,2024-10-23,West,Home Office,Furniture,Chair,1228.32,7,192.36,0.0
10020,2023-11-05,East,Home Office,Furniture,Bookshelf,1265.5,7,321.99,0.0
