CustomerID,Age,Annual_Income,Avg_Bill,Visits_Monthly,Time_Spent_Min,Favorite_Drink,Membership_Level,Will_Buy_Dessert
1001,37,43889.0,19.4,22,60.0,Matcha,Standard,1
1002,37,103518.0,11.0,11,97.0,Matcha,Standard,1
1003,50,104245.0,13.7,17,98.0,Cappuccino,Standard,1
1004,31,97490.0,15.4,12,79.0,Espresso,None,1
1005,39,,11.5,25,94.0,Cappuccino,Gold,1
1006,37,17208.0,19.3,22,58.0,Filter Coffee,None,1
1007,33,23778.0,7.4,24,59.0,Matcha,Standard,0
1008,33,93976.0,12.6,5,91.0,Latte,Standard,1
1009,43,97528.0,8.4,20,73.0,Filter Coffee,Standard,1
1010,40,35949.0,15.1,23,38.0,Matcha,None,1
1011,34,31545.0,17.4,21,65.0,Cappuccino,Standard,1
1012,52,101139.0,11.6,22,83.0,Filter Coffee,Standard,1
1013,54,96038.0,14.7,22,78.0,Matcha,None,1
1014,58,89214.0,14.2,22,89.0,Espresso,Gold,1
1015,43,97763.0,11.7,22,85.0,Espresso,None,1
1016,54,94605.0,15.0,15,17.0,Latte,None,1
1017,29,97981.0,16.5,12,52.0,Matcha,None,1
1018,32,,20.8,6,18.0,Espresso,None,1
1019,43,29327.0,11.1,22,15.0,Cappuccino,Gold,1
1020,50,98471.0,16.2,24,75.0,Matcha,None,1
1021,39,35315.0,13.3,18,68.0,Cappuccino,None,0
1022,36,113264.0,16.6,8,73.0,Cappuccino,None,1
1023,53,83690.0,6.3,19,63.0,Espresso,Standard,1
1024,51,87734.0,11.0,27,65.0,Matcha,Standard,1
1025,43,33995.0,17.9,17,25.0,Filter Coffee,None,1
1026,39,37975.0,15.2,21,55.0,Espresso,None,1
1027,38,101039.0,4.3,21,72.0,Espresso,Standard,1
1028,59,95017.0,9.9,21,71.0,Matcha,None,1
1029,52,102376.0,8.7,21,45.0,Matcha,None,1
1030,52,102110.0,10.1,24,82.0,Cappuccino,None,1
1031,57,91972.0,8.1,24,82.0,Matcha,Standard,1
1032,50,92398.0,10.2,19,99.0,Cappuccino,None,1
1033,50,90324.0,11.6,17,67.0,,Standard,1
1034,35,,20.9,11,77.0,Latte,None,1
1035,51,97498.0,16.8,23,100.0,Filter Coffee,Gold,1
1036,58,,9.6,21,86.0,Espresso,None,1
1037,31,98326.0,16.5,8,67.0,Matcha,Standard,1
1038,32,33004.0,13.6,22,38.0,Filter Coffee,None,0
1039,52,96663.0,9.6,21,87.0,Latte,None,1
1040,38,,14.4,13,88.0,Latte,Standard,1
1041,30,40152.0,13.4,21,53.0,Cappuccino,None,0
1042,37,98027.0,11.0,8,73.0,Filter Coffee,Standard,1
1043,47,95812.0,10.8,21,81.0,Cappuccino,Gold,1
1044,34,100262.0,13.2,10,94.0,Espresso,Standard,1
1045,34,40461.0,19.1,17,61.0,Filter Coffee,None,1
1046,40,36570.0,10.4,20,15.0,Espresso,Standard,0
1047,50,78607.0,13.0,21,46.0,Cappuccino,None,1
1048,41,30076.0,13.0,21,73.0,Filter Coffee,Standard,1
1049,41,28202.0,16.1,19,42.0,Cappuccino,Standard,1
1050,38,35296.0,15.2,21,51.0,Filter Coffee,Standard,1
1051,48,105136.0,5.4,25,86.0,Cappuccino,None,1
1052,24,95509.0,18.3,12,71.0,Latte,Standard,1
1053,28,108611.0,19.1,10,97.0,Cappuccino,None,1
1054,57,99110.0,15.7,19,118.0,Latte,Standard,1
1055,39,36733.0,17.7,19,48.0,Cappuccino,None,1
1056,36,85238.0,11.6,10,109.0,,Standard,1
1057,38,24254.0,8.7,23,80.0,Filter Coffee,Standard,0
1058,50,84144.0,9.5,21,73.0,Filter Coffee,Standard,1
1059,38,42690.0,13.9,22,44.0,Matcha,None,1
1060,36,94648.0,16.4,10,52.0,Espresso,Standard,1
1061,32,103740.0,12.4,10,89.0,Filter Coffee,None,1
1062,40,96905.0,17.7,12,94.0,Latte,None,1
1063,34,22731.0,19.8,22,24.0,Filter Coffee,None,1
1064,54,101886.0,14.4,22,58.0,Matcha,None,1
1065,54,99098.0,13.5,18,100.0,Latte,None,1
1066,43,17865.0,20.1,25,21.0,Matcha,Standard,1
1067,37,37360.0,8.5,22,27.0,Latte,None,0
1068,29,109585.0,17.4,10,65.0,Cappuccino,None,1
1069,49,96631.0,14.0,16,74.0,Espresso,Gold,1
1070,41,30243.0,19.7,24,57.0,Espresso,None,1
1071,29,106800.0,11.7,9,98.0,Matcha,Standard,1
1072,37,42495.0,12.3,20,55.0,Espresso,Standard,0
1073,33,94783.0,10.8,7,56.0,Matcha,Gold,1
1074,46,102123.0,15.1,9,62.0,Matcha,Standard,1
1075,29,110860.0,16.7,10,100.0,Matcha,Standard,1
1076,54,90994.0,8.9,21,120.0,Espresso,Standard,1
1077,48,28532.0,8.9,18,56.0,Matcha,None,1
1078,31,108964.0,16.9,5,99.0,Espresso,Standard,1
1079,47,96605.0,6.5,15,,Matcha,None,1
1080,53,86968.0,14.9,25,54.0,Filter Coffee,Gold,1
1081,48,95657.0,9.4,17,59.0,Matcha,None,1
1082,49,102398.0,11.6,20,53.0,Latte,Standard,1
1083,59,91919.0,8.3,22,57.0,Matcha,None,1
1084,47,84536.0,17.8,21,40.0,Cappuccino,Standard,1
1085,33,102894.0,16.6,13,94.0,Matcha,None,1
1086,50,30142.0,19.0,22,42.0,Latte,Standard,1
1087,54,31479.0,11.6,22,52.0,Latte,Standard,0
1088,61,86794.0,9.2,25,115.0,Espresso,None,1
1089,56,99178.0,13.9,22,88.0,Filter Coffee,Standard,1
1090,36,99618.0,13.9,12,117.0,Matcha,Standard,1
1091,55,94737.0,12.1,28,101.0,Espresso,Standard,1
1092,34,101938.0,15.7,9,44.0,Filter Coffee,None,1
1093,36,96076.0,10.5,13,41.0,Matcha,None,1
1094,48,112977.0,10.2,24,99.0,Cappuccino,None,1
1095,46,38045.0,17.8,23,46.0,Matcha,None,1
1096,61,96227.0,9.6,18,58.0,Latte,Gold,1
1097,49,99262.0,16.6,25,100.0,Latte,None,1
1098,32,,12.9,10,115.0,Cappuccino,Standard,1
1099,57,90314.0,5.1,22,59.0,Espresso,None,0
1100,29,105480.0,13.6,14,28.0,Filter Coffee,Standard,1
1101,37,97614.0,12.5,19,60.0,Matcha,Standard,1
1102,41,87945.0,12.1,12,66.0,Latte,Standard,1
1103,46,96504.0,12.2,19,70.0,,None,1
1104,48,99281.0,3.9,21,82.0,Cappuccino,None,1
1105,31,40461.0,13.3,21,69.0,,None,1
1106,38,27189.0,17.4,25,26.0,Cappuccino,None,1
1107,30,104818.0,10.8,12,79.0,Matcha,None,1
1108,34,31683.0,16.3,14,57.0,Filter Coffee,None,1
1109,41,85672.0,11.7,22,63.0,Latte,None,1
1110,40,32737.0,11.7,18,,Latte,Standard,1
1111,36,42613.0,10.9,17,30.0,Matcha,None,1
1112,40,39434.0,13.3,21,71.0,Espresso,None,1
1113,37,98576.0,11.7,6,71.0,Filter Coffee,None,1
1114,50,100293.0,10.9,20,65.0,Latte,Standard,1
1115,38,95638.0,15.0,14,58.0,Filter Coffee,Standard,1
1116,42,42161.0,17.9,21,29.0,Latte,Standard,1
1117,47,28214.0,10.8,22,63.0,Filter Coffee,Standard,0
1118,31,100328.0,16.3,16,64.0,Cappuccino,None,1
1119,42,26468.0,14.1,21,78.0,Latte,Standard,0
1120,35,97789.0,17.1,14,91.0,Filter Coffee,None,1
1121,61,99943.0,12.7,23,95.0,Espresso,None,1
1122,53,98103.0,15.9,24,63.0,Cappuccino,Standard,1
1123,31,88985.0,20.8,7,80.0,Cappuccino,Standard,1
1124,52,86247.0,14.1,21,50.0,Espresso,None,1
1125,47,24609.0,17.3,22,86.0,Filter Coffee,Standard,0
1126,24,104284.0,14.8,7,,Matcha,Standard,1
1127,43,88964.0,14.9,23,59.0,,None,1
1128,31,39984.0,16.8,20,43.0,Filter Coffee,None,1
1129,34,97872.0,20.7,12,68.0,Espresso,None,1
1130,42,33305.0,13.0,23,65.0,Espresso,None,0
1131,56,100815.0,9.5,23,82.0,Latte,None,1
1132,53,100898.0,12.8,23,77.0,Filter Coffee,None,1
1133,42,15000.0,8.5,20,42.0,Matcha,None,0
1134,41,29634.0,18.1,21,40.0,Latte,Standard,1
1135,28,102361.0,15.3,8,80.0,Espresso,Standard,1
1136,52,101162.0,10.8,16,86.0,Espresso,Gold,1
1137,34,101304.0,11.4,11,84.0,Espresso,None,1
1138,39,31979.0,18.9,21,36.0,Filter Coffee,Standard,1
1139,27,86631.0,20.5,6,84.0,Filter Coffee,Standard,1
1140,34,85452.0,13.6,12,88.0,Latte,Standard,1
1141,35,90770.0,21.5,11,61.0,Matcha,None,1
1142,55,92377.0,14.8,28,91.0,Latte,Standard,1
1143,50,38324.0,15.1,23,52.0,Cappuccino,None,1
1144,39,39922.0,14.0,22,29.0,Espresso,None,1
1145,39,34108.0,13.0,24,58.0,Espresso,Standard,1
1146,32,91649.0,13.7,11,59.0,Espresso,Standard,1
1147,48,95132.0,9.7,23,86.0,Latte,None,1
1148,43,88309.0,12.4,21,58.0,Latte,Gold,1
1149,48,42692.0,20.3,19,94.0,Espresso,Standard,1
1150,31,98194.0,13.0,9,90.0,Latte,None,1
1151,58,94766.0,14.5,23,117.0,Filter Coffee,Gold,1
1152,36,98937.0,12.4,14,88.0,Filter Coffee,None,1
1153,18,,16.5,12,,Latte,Gold,1
1154,41,94335.0,18.5,10,105.0,Espresso,Standard,1
1155,45,46633.0,22.8,18,46.0,Latte,None,1
1156,58,106495.0,10.3,20,69.0,Latte,Standard,1
1157,28,105230.0,13.1,5,103.0,Latte,Standard,1
1158,39,95332.0,15.0,12,64.0,Cappuccino,Standard,1
1159,42,30465.0,17.9,18,78.0,Filter Coffee,Gold,1
1160,49,92410.0,12.5,19,45.0,Matcha,Standard,1
1161,38,30281.0,16.6,23,21.0,Matcha,Standard,1
1162,31,90293.0,12.8,12,78.0,Cappuccino,Standard,1
1163,33,34730.0,14.7,22,50.0,Latte,Standard,1
1164,38,37159.0,13.6,21,70.0,Cappuccino,None,1
1165,52,84563.0,10.4,22,72.0,Cappuccino,Standard,1
1166,48,32729.0,18.2,25,56.0,Espresso,None,1
1167,43,24593.0,17.4,20,49.0,Filter Coffee,Standard,1
1168,55,101519.0,15.4,24,90.0,Matcha,Standard,1
1169,48,103112.0,11.2,22,95.0,Latte,Standard,1
1170,54,94432.0,14.1,22,120.0,Matcha,Standard,1
1171,38,98025.0,20.1,18,38.0,Matcha,Standard,1
1172,29,98994.0,10.8,13,28.0,Filter Coffee,None,1
1173,52,30925.0,15.8,26,39.0,Matcha,Standard,1
1174,48,36283.0,12.5,23,35.0,Matcha,None,1
1175,37,33386.0,16.0,25,39.0,Cappuccino,None,1
1176,33,89992.0,16.7,8,79.0,Filter Coffee,None,1
1177,44,32219.0,11.5,24,36.0,Espresso,Standard,0
1178,52,100445.0,8.4,11,103.0,Latte,Standard,1
1179,39,,13.3,11,74.0,Matcha,Standard,1
1180,34,32769.0,9.5,19,46.0,Latte,None,0
1181,31,98968.0,20.3,9,67.0,Espresso,None,1
1182,34,85662.0,14.1,3,102.0,,None,1
1183,50,92173.0,14.6,24,58.0,Espresso,None,1
1184,54,96173.0,7.2,19,88.0,Cappuccino,Standard,1
1185,34,33972.0,19.3,18,51.0,Matcha,None,1
1186,59,82687.0,18.8,23,68.0,Espresso,None,1
1187,53,101763.0,8.6,17,65.0,Latte,None,1
1188,39,47491.0,16.6,25,79.0,Matcha,None,1
1189,37,25702.0,12.4,24,37.0,Cappuccino,None,0
1190,52,,7.1,21,69.0,Matcha,None,1
1191,33,95582.0,20.7,9,79.0,Espresso,Standard,1
1192,42,29323.0,13.9,20,65.0,,Standard,1
1193,32,84876.0,16.7,10,90.0,Latte,Standard,1
1194,49,102342.0,14.6,25,52.0,Cappuccino,Gold,1
1195,33,34106.0,16.1,26,35.0,Cappuccino,None,1
1196,51,85644.0,7.3,24,87.0,Filter Coffee,Standard,1
1197,44,,13.3,16,58.0,Cappuccino,Gold,1
1198,34,100006.0,11.9,12,106.0,Cappuccino,None,1
1199,41,41022.0,15.4,21,42.0,Matcha,Gold,1
1200,37,100328.0,13.7,15,80.0,Latte,None,1
1201,34,92011.0,15.1,17,69.0,Matcha,None,1
1202,31,105332.0,13.7,11,107.0,Matcha,None,1
1203,42,34281.0,12.5,18,57.0,Espresso,Standard,1
1204,50,41685.0,13.9,20,34.0,Matcha,Standard,1
1205,40,17862.0,11.2,22,43.0,Filter Coffee,Standard,0
1206,54,94376.0,12.3,15,92.0,Filter Coffee,None,1
1207,64,98411.0,10.3,26,57.0,Espresso,None,1
1208,33,94732.0,16.1,11,92.0,Latte,None,1
1209,35,91839.0,20.0,16,59.0,Latte,None,1
1210,24,88181.0,13.4,11,105.0,Matcha,Gold,1
1211,56,93646.0,15.1,23,38.0,Matcha,None,1
1212,32,,16.6,11,65.0,Matcha,Standard,1
1213,37,40031.0,12.7,19,48.0,Latte,Standard,1
1214,36,97035.0,13.1,12,63.0,Cappuccino,None,1
1215,38,31423.0,10.5,19,70.0,Filter Coffee,Standard,0
1216,53,78487.0,20.0,20,58.0,Cappuccino,None,1
1217,51,85993.0,14.8,16,113.0,Cappuccino,None,1
1218,39,100374.0,12.9,21,72.0,Latte,None,1
1219,47,24505.0,16.8,25,19.0,Cappuccino,Standard,1
1220,36,34868.0,17.3,20,35.0,Espresso,None,0
1221,38,100485.0,14.2,11,67.0,Matcha,Standard,1
1222,40,35554.0,16.9,19,52.0,Espresso,Standard,1
1223,60,88447.0,9.7,18,115.0,Filter Coffee,None,1
1224,44,82059.0,14.7,24,64.0,Matcha,Standard,1
1225,39,43284.0,17.0,20,70.0,Cappuccino,Standard,1
1226,50,98949.0,10.5,27,89.0,Filter Coffee,None,1
1227,47,23738.0,18.2,24,43.0,Matcha,None,1
1228,59,101240.0,8.7,22,62.0,Cappuccino,Standard,1
1229,32,88412.0,17.8,8,64.0,Espresso,None,1
1230,41,44765.0,17.3,21,40.0,Matcha,Standard,1
1231,40,38866.0,13.8,21,49.0,Cappuccino,None,0
1232,40,33331.0,16.1,25,31.0,Espresso,None,1
1233,44,94196.0,11.8,15,81.0,Filter Coffee,None,1
1234,64,102159.0,9.1,21,82.0,,None,1
1235,29,93253.0,10.4,9,112.0,Filter Coffee,Standard,1
1236,37,21013.0,20.4,24,53.0,Filter Coffee,None,1
1237,40,42307.0,14.8,24,46.0,Latte,Standard,1
1238,51,102406.0,14.1,25,72.0,Matcha,Standard,1
1239,31,89571.0,16.0,10,52.0,Matcha,Standard,1
1240,32,103025.0,14.2,15,44.0,Latte,Standard,1
1241,48,83582.0,9.7,28,84.0,Cappuccino,None,1
1242,27,109358.0,11.5,8,61.0,Cappuccino,None,1
1243,38,,13.8,6,49.0,Filter Coffee,Standard,1
1244,36,95352.0,12.8,11,45.0,Espresso,None,1
1245,30,91842.0,13.7,11,78.0,Cappuccino,Standard,1
1246,37,94434.0,14.1,9,80.0,Espresso,None,1
1247,50,96292.0,7.0,17,64.0,Matcha,Standard,1
1248,44,25853.0,18.4,25,19.0,Espresso,Standard,1
1249,32,44929.0,15.9,23,33.0,Matcha,Standard,1
1250,61,,12.5,19,63.0,Latte,Standard,1
1251,42,44826.0,17.9,24,61.0,Latte,Standard,1
1252,41,42419.0,16.2,19,52.0,Filter Coffee,Standard,1
1253,47,95978.0,13.2,24,120.0,Cappuccino,Standard,1
1254,56,82621.0,11.6,22,102.0,Filter Coffee,None,1
1255,57,102987.0,13.7,19,71.0,Matcha,None,1
1256,33,,18.8,13,99.0,Filter Coffee,None,1
1257,38,87915.0,16.8,10,48.0,Espresso,Gold,1
1258,40,22589.0,19.2,19,35.0,Matcha,None,1
1259,34,110772.0,13.8,14,88.0,Latte,Standard,1
1260,36,90507.0,19.6,8,120.0,Cappuccino,Standard,1
1261,51,99054.0,10.5,22,91.0,Matcha,Standard,1
1262,41,,20.4,17,16.0,Matcha,Standard,1
1263,48,,8.6,16,103.0,Espresso,None,1
1264,59,103036.0,10.3,23,104.0,Cappuccino,Standard,1
1265,33,84529.0,15.1,8,95.0,Latte,Standard,1
1266,37,42268.0,12.3,20,52.0,Matcha,None,0
1267,46,,18.6,18,61.0,Matcha,None,1
1268,41,93231.0,14.7,5,79.0,Espresso,Standard,1
1269,46,90536.0,11.9,25,75.0,Filter Coffee,Standard,1
1270,48,85182.0,16.6,8,78.0,Latte,None,1
1271,41,95067.0,14.8,8,51.0,Cappuccino,Standard,1
1272,36,89335.0,13.5,1,55.0,Matcha,Standard,1
1273,53,93925.0,13.8,23,75.0,Matcha,None,1
1274,18,94724.0,19.5,12,48.0,Latte,Gold,1
1275,53,89021.0,13.6,24,,Filter Coffee,Standard,1
1276,43,110745.0,8.2,23,80.0,Matcha,Standard,1
1277,43,37492.0,20.7,21,39.0,Latte,Standard,1
1278,51,90515.0,15.1,18,108.0,Espresso,None,1
1279,44,90740.0,17.7,8,71.0,Filter Coffee,None,1
1280,24,102592.0,14.8,16,45.0,Cappuccino,None,1
1281,53,93492.0,6.6,21,82.0,Matcha,None,1
1282,55,87001.0,14.2,22,69.0,Latte,None,1
1283,32,99085.0,16.8,9,65.0,Espresso,Standard,1
1284,41,32134.0,16.5,15,38.0,Cappuccino,Standard,1
1285,35,87094.0,13.3,10,118.0,Latte,Standard,1
1286,52,,11.4,22,79.0,Latte,Standard,1
1287,37,32133.0,13.2,24,49.0,Cappuccino,Standard,0
1288,34,93069.0,13.6,12,82.0,Espresso,None,1
1289,34,97771.0,12.4,16,84.0,Espresso,None,1
1290,33,27605.0,7.9,20,37.0,Filter Coffee,Standard,0
1291,51,96349.0,9.8,23,84.0,Matcha,Standard,1
1292,34,31059.0,13.5,20,47.0,Cappuccino,None,0
1293,32,99810.0,15.6,10,100.0,Cappuccino,Standard,1
1294,49,91015.0,16.9,18,116.0,Cappuccino,None,1
1295,43,91811.0,12.4,23,92.0,Espresso,Standard,1
1296,46,84966.0,12.2,19,76.0,Matcha,Standard,1
1297,33,83932.0,5.2,11,83.0,Filter Coffee,Standard,1
1298,61,88368.0,9.5,20,69.0,Latte,Gold,1
1299,44,24730.0,18.0,21,42.0,Latte,Standard,1
1300,29,90365.0,15.8,8,103.0,Cappuccino,Gold,1
1301,43,,11.6,22,45.0,Matcha,Gold,1
1302,35,106549.0,11.7,5,49.0,Espresso,Standard,1
1303,41,95292.0,12.1,11,40.0,Matcha,Standard,1
1304,61,,14.1,18,81.0,Matcha,None,1
1305,46,46041.0,13.9,24,52.0,Espresso,None,0
1306,58,88057.0,8.0,23,67.0,Cappuccino,Standard,0
1307,27,33036.0,18.7,18,74.0,Matcha,None,1
1308,47,26959.0,20.0,20,91.0,Latte,None,1
1309,39,25359.0,17.3,19,46.0,Espresso,Gold,1
1310,51,102258.0,15.0,20,,Filter Coffee,Standard,1
1311,29,36056.0,13.1,20,32.0,,Standard,0
1312,40,30354.0,11.9,21,33.0,Espresso,None,1
1313,45,106673.0,8.1,23,70.0,Filter Coffee,None,1
1314,35,89932.0,15.6,11,74.0,Filter Coffee,None,1
1315,45,33917.0,19.6,22,89.0,Matcha,None,1
1316,31,79809.0,10.8,12,57.0,Matcha,None,1
1317,43,40478.0,19.0,22,49.0,Matcha,None,1
1318,46,94406.0,10.0,21,81.0,Espresso,Gold,1
1319,41,85615.0,8.9,10,88.0,Espresso,Standard,1
1320,35,94835.0,6.7,7,60.0,Cappuccino,None,1
1321,31,96431.0,16.1,5,,Matcha,None,1
1322,52,99415.0,9.9,21,70.0,Filter Coffee,Standard,1
1323,32,97288.0,13.3,11,37.0,Latte,None,1
1324,37,36991.0,19.0,17,114.0,Cappuccino,Gold,1
1325,43,27850.0,11.0,19,49.0,Espresso,None,0
1326,38,103498.0,16.1,11,62.0,Cappuccino,None,1
1327,42,33740.0,14.7,20,36.0,Cappuccino,None,0
1328,46,27759.0,13.5,13,44.0,Cappuccino,None,1
1329,40,99276.0,10.9,11,42.0,Cappuccino,Standard,1
1330,33,97515.0,10.2,11,43.0,Latte,Standard,1
1331,50,96947.0,7.3,23,109.0,Matcha,Standard,1
1332,35,112720.0,6.4,10,44.0,Filter Coffee,None,1
1333,54,104341.0,14.6,21,88.0,Cappuccino,Standard,1
1334,51,101317.0,12.1,22,79.0,Cappuccino,Standard,1
1335,37,30769.0,18.3,21,43.0,,Standard,1
1336,36,33831.0,19.5,22,49.0,Matcha,None,1
1337,39,39217.0,10.5,28,65.0,Espresso,None,0
1338,31,97111.0,14.0,6,53.0,Espresso,Standard,1
1339,39,34015.0,17.4,15,95.0,Latte,Standard,1
1340,57,100355.0,3.2,23,84.0,,None,1
1341,48,101701.0,9.7,21,60.0,Cappuccino,None,1
1342,39,36484.0,22.6,22,34.0,Cappuccino,None,1
1343,40,47248.0,14.6,23,69.0,Cappuccino,Standard,1
1344,54,86627.0,15.0,29,52.0,Latte,None,1
1345,26,97107.0,16.1,10,98.0,Cappuccino,Gold,1
1346,32,33547.0,14.0,22,28.0,Espresso,Standard,0
1347,50,91130.0,5.0,23,91.0,Matcha,Gold,1
1348,32,24457.0,15.7,19,38.0,Matcha,Standard,1
1349,48,85834.0,6.0,23,78.0,Filter Coffee,None,0
1350,49,92854.0,10.4,19,,Espresso,Standard,1
1351,39,37230.0,14.3,28,23.0,Cappuccino,None,1
1352,39,31489.0,17.1,23,61.0,Matcha,Gold,1
1353,35,98949.0,17.0,10,57.0,Espresso,Standard,1
1354,42,37910.0,17.7,18,51.0,,None,1
1355,37,27843.0,14.7,23,,Cappuccino,Standard,0
1356,59,92566.0,12.5,17,59.0,Matcha,Gold,1
1357,41,27977.0,13.3,23,48.0,Filter Coffee,None,1
1358,36,86954.0,15.9,4,66.0,Filter Coffee,Standard,1
1359,37,28314.0,20.6,21,55.0,Matcha,Standard,1
1360,41,99700.0,12.7,16,45.0,Espresso,Standard,1
1361,44,34171.0,12.7,20,82.0,Espresso,None,0
1362,44,42026.0,17.7,24,99.0,Espresso,None,1
1363,55,96289.0,6.8,23,58.0,Matcha,None,1
1364,61,95855.0,10.9,20,113.0,Espresso,Standard,1
1365,34,85251.0,11.6,13,72.0,Cappuccino,None,1
1366,44,37096.0,14.1,16,37.0,Filter Coffee,Gold,1
1367,55,99379.0,15.0,19,77.0,Cappuccino,None,1
1368,42,104575.0,9.8,27,65.0,Espresso,Standard,1
1369,31,,13.0,12,86.0,Cappuccino,None,1
1370,30,29895.0,15.6,21,90.0,Espresso,None,0
1371,29,35510.0,15.2,22,90.0,Matcha,None,1
1372,40,22288.0,19.8,21,57.0,Cappuccino,None,0
1373,56,99621.0,11.8,17,76.0,Matcha,Standard,1
1374,52,103783.0,9.0,15,92.0,Matcha,Gold,1
1375,31,102251.0,15.6,9,106.0,Latte,Standard,1
1376,32,91286.0,15.3,15,75.0,Espresso,Gold,1
1377,61,92075.0,11.7,21,51.0,Filter Coffee,Standard,1
1378,36,105540.0,14.2,8,94.0,Espresso,Standard,1
1379,39,30228.0,20.4,20,45.0,Filter Coffee,Standard,1
1380,37,27332.0,17.4,16,16.0,Espresso,Standard,1
1381,41,91687.0,18.0,10,54.0,Matcha,None,1
1382,36,96605.0,14.5,8,79.0,Cappuccino,Standard,1
1383,56,92272.0,9.8,20,49.0,Cappuccino,None,1
1384,45,86930.0,14.9,24,63.0,Latte,Standard,1
1385,35,31853.0,13.9,22,60.0,Filter Coffee,Standard,1
1386,35,95804.0,17.8,17,108.0,Filter Coffee,None,1
1387,35,102738.0,16.9,12,56.0,Filter Coffee,None,1
1388,53,87754.0,14.1,23,76.0,Matcha,Gold,1
1389,35,27759.0,11.9,17,52.0,Filter Coffee,Standard,0
1390,51,98520.0,10.3,23,71.0,Cappuccino,None,1
1391,41,32602.0,15.1,24,28.0,Matcha,Standard,1
1392,27,91030.0,13.0,8,59.0,,Standard,1
1393,39,38016.0,18.9,24,21.0,Filter Coffee,Standard,1
1394,25,101936.0,13.4,12,60.0,Filter Coffee,Gold,1
1395,29,98732.0,11.8,11,78.0,Espresso,Standard,1
1396,42,34955.0,18.2,22,42.0,Filter Coffee,None,1
1397,36,32601.0,15.9,27,41.0,Espresso,Standard,1
1398,32,85250.0,14.5,9,68.0,Matcha,Standard,1
1399,41,102250.0,15.2,15,55.0,Cappuccino,None,1
1400,39,27049.0,17.1,19,48.0,Espresso,None,1
1401,43,37639.0,18.1,18,72.0,Latte,None,1
1402,47,98527.0,12.0,24,87.0,Espresso,Standard,1
1403,35,100529.0,13.6,13,95.0,Filter Coffee,Standard,1
1404,42,32140.0,12.3,19,82.0,Matcha,Standard,1
1405,44,102697.0,14.7,9,,Matcha,Gold,1
1406,31,,13.8,26,74.0,Espresso,Standard,0
1407,39,95812.0,12.1,5,73.0,Cappuccino,None,1
1408,44,33578.0,19.5,21,86.0,Latte,None,1
1409,53,101920.0,7.0,17,68.0,Matcha,None,1
1410,54,98923.0,11.6,19,86.0,Filter Coffee,None,1
1411,40,40252.0,18.1,25,45.0,Filter Coffee,Standard,1
1412,32,97128.0,20.3,8,51.0,Cappuccino,Standard,1
1413,52,80303.0,11.6,24,79.0,Matcha,None,1
1414,25,99972.0,16.6,9,86.0,Espresso,Standard,1
1415,51,90054.0,11.1,19,75.0,Filter Coffee,Standard,1
1416,32,44923.0,20.1,20,58.0,,None,1
1417,32,23651.0,12.0,20,64.0,Matcha,None,0
1418,38,96119.0,13.9,9,71.0,Matcha,None,1
1419,63,82190.0,9.9,21,88.0,Matcha,None,1
1420,57,94119.0,11.9,23,76.0,Matcha,Gold,1
1421,40,102701.0,18.5,13,94.0,Matcha,None,1
1422,43,40390.0,21.7,25,,Filter Coffee,None,1
1423,54,102178.0,9.0,21,104.0,Cappuccino,Standard,1
1424,26,92267.0,12.4,10,81.0,Matcha,Gold,1
1425,42,26072.0,14.0,19,49.0,Latte,None,0
1426,44,19462.0,18.9,22,67.0,Latte,None,1
1427,50,86430.0,9.8,21,87.0,Cappuccino,None,1
1428,33,117903.0,14.4,15,67.0,Espresso,None,1
1429,36,102222.0,10.9,10,120.0,Espresso,None,1
1430,57,88786.0,15.9,23,82.0,Espresso,Standard,1
1431,54,93988.0,9.1,18,78.0,Latte,None,1
1432,53,84180.0,14.6,24,61.0,Espresso,None,1
1433,43,90105.0,16.8,20,83.0,Filter Coffee,Standard,1
1434,25,99796.0,10.5,9,78.0,Matcha,None,1
1435,29,109324.0,15.2,15,71.0,Latte,None,1
1436,50,106045.0,14.4,20,86.0,Cappuccino,None,1
1437,41,33700.0,15.6,21,30.0,Cappuccino,Gold,1
1438,36,41136.0,15.7,20,68.0,Matcha,None,1
1439,33,93818.0,9.8,8,47.0,Latte,Standard,1
1440,56,97168.0,18.1,18,54.0,Espresso,Standard,1
1441,39,20948.0,17.4,21,68.0,Espresso,None,1
1442,38,98474.0,17.8,13,61.0,Filter Coffee,Gold,1
1443,41,26977.0,15.0,19,83.0,Filter Coffee,None,0
1444,45,34945.0,20.8,26,86.0,Espresso,None,1
1445,41,24764.0,21.2,14,38.0,Cappuccino,Standard,1
1446,49,22201.0,12.2,26,40.0,Cappuccino,Standard,0
1447,42,33538.0,14.8,18,37.0,Filter Coffee,Standard,0
1448,37,31247.0,13.7,20,73.0,Matcha,None,1
1449,48,21102.0,16.5,20,51.0,Espresso,None,0
1450,36,96026.0,12.5,13,72.0,Filter Coffee,Standard,1
1451,36,37999.0,19.2,19,39.0,Filter Coffee,None,1
1452,55,104640.0,10.9,21,104.0,Espresso,None,1
1453,39,32783.0,15.0,21,51.0,Espresso,None,1
1454,38,41072.0,15.1,17,48.0,Cappuccino,None,1
1455,53,90442.0,10.0,22,71.0,Matcha,Standard,1
1456,46,31297.0,13.7,18,35.0,,None,1
1457,45,41388.0,16.2,22,57.0,Espresso,Gold,1
1458,52,107847.0,10.8,22,89.0,Latte,None,1
1459,29,95058.0,18.1,7,95.0,Filter Coffee,Standard,1
1460,32,42343.0,14.4,20,24.0,Filter Coffee,None,1
1461,46,86851.0,13.8,26,93.0,Espresso,None,1
1462,35,30659.0,18.0,23,,Latte,None,1
1463,47,35956.0,13.6,25,61.0,Cappuccino,None,1
1464,37,95970.0,12.3,5,62.0,Espresso,Standard,1
1465,52,101632.0,9.2,21,100.0,Espresso,Gold,1
1466,51,104754.0,11.4,15,87.0,Filter Coffee,Standard,1
1467,55,106266.0,10.2,20,92.0,Espresso,None,1
1468,29,106222.0,18.9,15,35.0,Espresso,None,1
1469,58,101258.0,15.0,17,45.0,Espresso,None,1
1470,42,31673.0,22.6,23,27.0,Filter Coffee,Standard,1
1471,46,98985.0,14.0,20,36.0,Cappuccino,Standard,1
1472,25,97059.0,7.8,10,69.0,Cappuccino,Gold,1
1473,24,90402.0,11.4,12,50.0,Espresso,None,0
1474,39,87252.0,15.7,13,89.0,Filter Coffee,Standard,1
1475,29,90853.0,9.9,11,106.0,Cappuccino,None,1
1476,42,50733.0,11.6,17,57.0,Cappuccino,Standard,1
1477,45,40583.0,13.7,19,41.0,Cappuccino,Standard,1
1478,36,84739.0,12.6,14,82.0,Filter Coffee,Standard,1
1479,27,97115.0,18.4,16,83.0,Filter Coffee,Standard,1
1480,31,95959.0,15.2,11,72.0,Espresso,None,1
1481,25,100672.0,12.9,7,110.0,Matcha,Standard,1
1482,38,28389.0,12.4,28,51.0,Cappuccino,None,0
1483,46,24593.0,15.8,22,32.0,Matcha,Standard,1
1484,47,40871.0,17.5,21,52.0,Filter Coffee,None,1
1485,50,100123.0,7.9,22,93.0,Filter Coffee,Standard,1
1486,41,36963.0,13.8,21,30.0,Filter Coffee,Gold,1
1487,34,104045.0,18.5,11,91.0,Matcha,Standard,1
1488,35,32213.0,14.7,19,69.0,Filter Coffee,Standard,0
1489,59,98099.0,13.4,19,69.0,Espresso,Standard,1
1490,43,95055.0,14.2,12,78.0,Filter Coffee,Standard,1
1491,37,91924.0,15.8,11,43.0,Latte,Standard,1
1492,38,30312.0,18.3,22,50.0,Matcha,Standard,1
1493,49,95655.0,14.6,18,96.0,Latte,None,1
1494,38,25597.0,21.4,16,41.0,Filter Coffee,Gold,1
1495,50,98379.0,11.1,25,108.0,,Gold,1
1496,37,21594.0,19.9,24,52.0,Cappuccino,Standard,1
1497,26,101679.0,19.8,13,105.0,Filter Coffee,None,1
1498,45,,5.7,23,74.0,Espresso,None,1
1499,21,104840.0,16.7,15,92.0,Matcha,Standard,1
1500,30,34231.0,21.0,21,7.0,Latte,None,1
1501,42,26220.0,16.3,22,51.0,Latte,Standard,1
1502,39,94873.0,11.6,7,43.0,Latte,None,1
1503,43,105267.0,7.9,19,83.0,Matcha,None,1
1504,51,27120.0,16.3,22,,Espresso,Gold,1
1505,42,96434.0,14.8,17,61.0,Matcha,Standard,1
1506,56,95497.0,15.7,24,89.0,Latte,Standard,1
1507,26,108886.0,20.1,11,106.0,Filter Coffee,Standard,1
1508,38,42988.0,14.7,21,46.0,Cappuccino,None,1
1509,29,93999.0,16.4,7,86.0,Matcha,Standard,1
1510,34,98431.0,7.6,19,95.0,Matcha,None,1
1511,30,92141.0,10.1,9,91.0,Espresso,Gold,1
1512,45,91783.0,7.4,21,62.0,Espresso,Standard,1
1513,30,88041.0,15.3,11,58.0,Matcha,None,1
1514,43,31242.0,15.8,23,70.0,Latte,Standard,1
1515,53,104050.0,12.8,20,67.0,Cappuccino,Standard,1
1516,28,96084.0,16.6,13,109.0,Espresso,None,1
1517,38,28300.0,21.3,17,17.0,Latte,Gold,1
1518,55,101425.0,10.4,20,64.0,Filter Coffee,None,1
1519,36,19147.0,15.5,25,59.0,Espresso,None,1
1520,47,93186.0,16.4,21,71.0,Latte,Standard,1
1521,58,97360.0,12.6,25,66.0,Latte,Standard,1
1522,45,89242.0,9.6,20,81.0,Cappuccino,Standard,1
1523,56,,15.7,18,85.0,Cappuccino,Standard,1
1524,28,80499.0,13.6,9,79.0,Filter Coffee,Standard,1
1525,36,26897.0,20.6,20,61.0,Latte,Standard,1
1526,38,91790.0,12.1,9,38.0,Latte,None,1
1527,36,27768.0,18.4,21,16.0,Cappuccino,None,1
1528,36,38618.0,15.4,20,56.0,Espresso,None,1
1529,35,39129.0,14.2,20,36.0,Espresso,None,1
1530,34,104324.0,12.5,10,42.0,Matcha,Standard,1
1531,31,90980.0,12.4,11,80.0,Cappuccino,None,1
1532,54,88583.0,13.3,18,55.0,Matcha,None,1
1533,44,39894.0,20.6,18,35.0,Cappuccino,None,1
1534,35,90703.0,15.6,7,49.0,Filter Coffee,Gold,1
1535,31,96938.0,13.3,15,116.0,Latte,Gold,1
1536,43,29029.0,14.3,21,21.0,Filter Coffee,Standard,1
1537,37,41884.0,14.0,24,17.0,Cappuccino,Gold,1
1538,54,111683.0,8.5,20,79.0,Latte,Standard,1
1539,44,39221.0,14.0,20,20.0,Espresso,Standard,1
1540,45,88733.0,12.9,19,77.0,Espresso,None,1
1541,39,,13.2,10,77.0,Matcha,Standard,1
1542,44,25301.0,17.7,17,29.0,Cappuccino,Standard,0
1543,58,91799.0,8.9,19,92.0,Cappuccino,Standard,1
1544,33,32183.0,15.5,24,39.0,Espresso,Standard,1
1545,37,23440.0,17.3,22,23.0,Filter Coffee,Standard,0
1546,36,97614.0,7.2,6,74.0,Latte,Standard,1
1547,33,106130.0,9.0,11,94.0,Filter Coffee,Gold,1
1548,37,109384.0,9.5,7,59.0,Filter Coffee,None,1
1549,36,113481.0,13.1,11,58.0,Espresso,Standard,1
1550,53,96253.0,11.4,23,25.0,Espresso,None,1
1551,35,92123.0,16.0,11,32.0,Espresso,Standard,1
1552,44,87747.0,10.3,19,94.0,Matcha,Standard,1
1553,42,36023.0,19.9,22,54.0,Filter Coffee,None,1
1554,39,99726.0,16.0,12,93.0,Cappuccino,Standard,1
1555,22,89214.0,14.3,14,67.0,Latte,None,1
1556,52,,9.4,22,87.0,Matcha,Standard,1
1557,50,105653.0,13.3,22,112.0,Cappuccino,None,1
1558,49,84359.0,11.3,21,96.0,Filter Coffee,Standard,1
1559,32,101636.0,9.5,12,120.0,Espresso,None,1
1560,57,91475.0,13.1,29,69.0,Filter Coffee,Standard,1
1561,59,76798.0,5.3,18,103.0,Latte,None,0
1562,29,109398.0,15.1,12,86.0,Matcha,Standard,1
1563,39,28250.0,15.7,22,77.0,Matcha,Gold,1
1564,45,36138.0,12.8,30,27.0,Latte,Gold,1
1565,31,,16.1,11,83.0,Cappuccino,Standard,1
1566,56,,11.0,23,51.0,Cappuccino,Standard,1
1567,54,81942.0,9.7,24,51.0,Matcha,None,1
1568,38,106362.0,18.3,8,42.0,Matcha,None,1
1569,42,91096.0,17.0,7,68.0,Espresso,None,1
1570,33,91390.0,15.1,16,79.0,Cappuccino,Standard,1
1571,36,,17.3,20,41.0,Latte,Gold,1
1572,44,32853.0,12.6,18,,,None,0
1573,31,89256.0,15.1,10,65.0,Espresso,Gold,1
1574,45,98005.0,7.4,18,88.0,Matcha,Standard,1
1575,42,37126.0,11.7,20,,Matcha,Standard,1
1576,44,30049.0,14.9,22,31.0,Espresso,None,1
1577,58,97184.0,8.0,21,,Latte,None,1
1578,39,41271.0,15.2,20,56.0,Matcha,Standard,1
1579,61,89708.0,12.4,19,26.0,Filter Coffee,Standard,1
1580,41,33163.0,15.8,23,49.0,Matcha,None,1
1581,56,85585.0,15.5,15,115.0,Filter Coffee,Standard,1
1582,43,86682.0,14.4,18,93.0,Espresso,Standard,1
1583,31,84710.0,15.1,10,86.0,Espresso,Standard,1
1584,40,102961.0,9.1,17,89.0,Matcha,Gold,1
1585,49,90553.0,12.7,19,120.0,Cappuccino,None,1
1586,38,25592.0,14.1,24,55.0,Filter Coffee,None,1
1587,50,95896.0,11.2,17,52.0,Latte,Standard,1
1588,52,96445.0,10.6,20,83.0,Matcha,None,1
1589,51,86781.0,8.7,23,55.0,Latte,None,1
1590,50,27502.0,16.4,17,49.0,Matcha,None,0
1591,58,94980.0,10.2,23,107.0,Cappuccino,None,1
1592,30,102980.0,14.8,6,78.0,Cappuccino,None,1
1593,54,91840.0,11.3,15,66.0,Cappuccino,None,1
1594,38,33175.0,16.0,21,36.0,Cappuccino,None,1
1595,34,25650.0,18.6,19,36.0,Espresso,None,1
1596,58,92344.0,11.6,18,106.0,Espresso,Standard,1
1597,44,88371.0,17.1,10,72.0,Filter Coffee,Standard,1
1598,56,108521.0,9.4,18,95.0,Latte,Standard,1
1599,38,94761.0,14.1,11,64.0,Matcha,None,1
1600,43,33931.0,17.2,25,51.0,Matcha,None,1
1601,49,27814.0,16.2,14,49.0,Espresso,Standard,1
1602,37,94121.0,12.4,13,85.0,Matcha,Standard,1
1603,57,95843.0,11.2,21,68.0,Espresso,Standard,1
1604,37,38031.0,13.9,12,60.0,Filter Coffee,None,1
1605,32,97757.0,19.8,10,51.0,Latte,Gold,1
1606,49,82066.0,12.9,25,72.0,Filter Coffee,None,1
1607,41,29362.0,17.4,19,37.0,Cappuccino,None,1
1608,52,,13.2,18,79.0,Cappuccino,Standard,1
1609,51,104193.0,15.2,24,104.0,Cappuccino,Standard,1
1610,36,101571.0,15.2,8,46.0,Filter Coffee,None,1
1611,42,,7.7,18,74.0,Matcha,None,0
1612,31,103766.0,12.5,16,102.0,Latte,Standard,1
1613,34,31930.0,9.7,18,41.0,Cappuccino,None,0
1614,43,112922.0,16.6,11,73.0,,None,1
1615,38,32146.0,14.8,22,53.0,Cappuccino,None,0
1616,55,94084.0,13.6,17,,Latte,Standard,1
1617,42,26890.0,19.4,19,65.0,Cappuccino,None,1
1618,54,98319.0,13.8,19,,Latte,Gold,1
1619,48,105730.0,11.5,22,65.0,Cappuccino,Standard,1
1620,57,102566.0,14.2,21,58.0,Filter Coffee,Gold,1
1621,43,100413.0,3.8,19,95.0,Filter Coffee,Gold,1
1622,49,102055.0,16.9,23,80.0,Latte,None,1
1623,49,95888.0,9.6,21,108.0,Filter Coffee,None,1
1624,45,32400.0,18.6,27,42.0,Latte,None,1
1625,39,43428.0,16.2,19,35.0,Filter Coffee,None,1
1626,51,87280.0,11.6,22,71.0,Filter Coffee,Standard,1
1627,45,99322.0,14.9,25,90.0,Latte,None,1
1628,37,26479.0,16.4,21,83.0,Matcha,None,1
1629,56,86027.0,16.2,22,73.0,Filter Coffee,None,1
1630,40,80032.0,14.6,9,65.0,Cappuccino,Gold,1
1631,34,37972.0,20.5,22,30.0,Matcha,None,1
1632,39,24343.0,15.5,20,52.0,Latte,None,1
1633,31,100647.0,20.4,8,39.0,Matcha,None,1
1634,44,20174.0,15.1,21,79.0,Espresso,Gold,1
1635,55,103509.0,20.7,21,92.0,Espresso,Standard,1
1636,52,102623.0,18.4,17,83.0,Filter Coffee,None,1
1637,38,100471.0,16.7,6,113.0,Filter Coffee,None,1
1638,55,94465.0,15.9,24,102.0,Cappuccino,None,1
1639,38,40658.0,22.0,22,26.0,Matcha,None,1
1640,37,22861.0,14.1,20,23.0,Espresso,Gold,1
1641,51,81482.0,7.7,25,50.0,Filter Coffee,Standard,0
1642,45,98704.0,12.8,21,80.0,Matcha,None,1
1643,35,93483.0,12.8,9,100.0,Filter Coffee,Standard,1
1644,39,31733.0,13.3,22,7.0,Filter Coffee,None,0
1645,34,91055.0,9.8,9,111.0,Espresso,Standard,1
1646,21,110160.0,14.9,6,90.0,Espresso,Standard,1
1647,40,,15.9,13,43.0,Filter Coffee,None,1
1648,47,98079.0,13.4,20,90.0,Latte,Standard,1
1649,54,32329.0,16.5,17,53.0,Filter Coffee,None,1
1650,42,25409.0,12.1,22,47.0,Filter Coffee,None,0
1651,38,105865.0,10.3,13,99.0,Cappuccino,None,1
1652,54,97239.0,12.6,24,75.0,Cappuccino,None,1
1653,36,36868.0,13.3,20,32.0,Cappuccino,Standard,0
1654,51,101285.0,8.8,22,68.0,Latte,Gold,1
1655,46,98857.0,13.9,21,109.0,Latte,Standard,1
1656,44,34804.0,21.5,24,50.0,Filter Coffee,Standard,1
1657,44,86071.0,6.8,22,75.0,,Standard,1
1658,23,93774.0,22.2,9,,Latte,None,1
1659,40,92115.0,15.8,24,73.0,Espresso,None,1
1660,31,100853.0,9.8,8,94.0,Filter Coffee,None,1
1661,47,99127.0,11.8,16,88.0,Matcha,Standard,1
1662,46,46033.0,18.1,22,52.0,Filter Coffee,Gold,1
1663,53,97360.0,11.7,23,49.0,Matcha,None,1
1664,33,103732.0,9.5,11,86.0,Cappuccino,Standard,1
1665,51,90964.0,9.6,19,68.0,Matcha,Standard,1
1666,39,43219.0,15.7,22,57.0,Cappuccino,Standard,1
1667,45,33789.0,17.5,23,63.0,Espresso,None,1
1668,55,102906.0,13.3,25,35.0,Matcha,None,1
1669,31,89637.0,11.4,11,,Filter Coffee,None,1
1670,55,93765.0,12.9,20,73.0,Cappuccino,None,1
1671,26,95412.0,19.1,9,95.0,Filter Coffee,None,1
1672,29,79592.0,14.0,14,81.0,Latte,Standard,1
1673,28,101741.0,14.3,10,89.0,Cappuccino,None,1
1674,46,94739.0,13.6,18,43.0,Matcha,Standard,1
1675,38,,15.7,9,78.0,Cappuccino,Standard,1
1676,31,,19.0,12,77.0,Filter Coffee,Standard,1
1677,36,103549.0,13.7,14,83.0,Espresso,None,1
1678,47,93383.0,16.3,20,77.0,Cappuccino,Standard,1
1679,28,91804.0,13.7,8,91.0,Matcha,Gold,1
1680,37,45035.0,14.9,25,77.0,Latte,None,1
1681,37,95245.0,15.9,8,,Espresso,None,1
1682,57,,14.5,23,103.0,Latte,Standard,1
1683,51,90647.0,11.5,22,75.0,Cappuccino,None,1
1684,49,92473.0,12.5,19,96.0,Filter Coffee,None,1
1685,44,95777.0,12.3,20,103.0,Filter Coffee,None,1
1686,38,117072.0,15.7,7,97.0,Matcha,None,1
1687,50,76827.0,12.7,20,83.0,Filter Coffee,Standard,1
1688,39,82946.0,14.3,9,80.0,Espresso,None,1
1689,48,96134.0,14.4,18,82.0,Filter Coffee,Standard,1
1690,42,101492.0,19.5,11,41.0,Matcha,Standard,1
1691,33,103779.0,16.0,12,100.0,Cappuccino,Standard,1
1692,42,32947.0,11.9,27,52.0,Cappuccino,Standard,0
1693,35,96505.0,13.6,9,53.0,Filter Coffee,Standard,1
1694,36,25004.0,18.3,22,61.0,Latte,None,1
1695,41,,11.1,20,26.0,Cappuccino,Standard,0
1696,46,,9.8,20,56.0,Filter Coffee,Standard,0
1697,37,40916.0,15.1,20,21.0,Matcha,Standard,1
1698,31,97966.0,20.7,9,87.0,Filter Coffee,Standard,1
1699,44,101171.0,8.2,22,27.0,Cappuccino,None,1
1700,56,87441.0,9.3,23,93.0,Matcha,None,1
1701,27,95828.0,19.5,8,26.0,Filter Coffee,Standard,1
1702,58,97330.0,11.5,20,102.0,Espresso,None,1
1703,44,95509.0,9.7,16,55.0,Matcha,Standard,1
1704,43,39223.0,12.8,25,51.0,Espresso,None,1
1705,50,37246.0,18.3,20,92.0,Latte,None,1
1706,46,99545.0,7.6,28,80.0,Matcha,None,1
1707,57,90867.0,11.2,24,76.0,Espresso,None,1
1708,40,30709.0,15.4,26,108.0,Cappuccino,Standard,0
1709,48,105387.0,7.7,16,49.0,Cappuccino,None,1
1710,39,36566.0,11.3,21,82.0,Latte,Gold,1
1711,44,,10.5,22,72.0,Matcha,Standard,1
1712,57,98422.0,13.1,17,74.0,Matcha,None,1
1713,34,34665.0,13.0,19,57.0,Matcha,Standard,1
1714,34,87956.0,20.2,9,63.0,Latte,Standard,1
1715,50,98676.0,11.7,23,53.0,Matcha,Standard,1
1716,37,97027.0,14.8,9,63.0,Cappuccino,None,1
1717,48,102567.0,10.8,21,82.0,Espresso,Standard,1
1718,64,102700.0,10.3,25,87.0,Cappuccino,Standard,1
1719,53,82786.0,14.6,20,74.0,Cappuccino,None,1
1720,49,93210.0,12.3,21,105.0,Espresso,None,1
1721,55,91401.0,11.3,24,91.0,Cappuccino,Standard,1
1722,33,95782.0,13.3,12,120.0,Latte,None,1
1723,41,33489.0,11.9,22,67.0,Espresso,Standard,0
1724,41,94351.0,13.2,10,40.0,Cappuccino,None,1
1725,57,79794.0,12.4,18,73.0,Filter Coffee,Gold,1
1726,36,,8.9,19,43.0,Cappuccino,Standard,0
1727,35,31581.0,18.1,18,55.0,Latte,None,1
1728,53,87148.0,11.9,21,46.0,Matcha,None,1
1729,23,104631.0,8.6,5,89.0,Cappuccino,Standard,1
1730,49,32771.0,11.3,19,12.0,Matcha,Standard,0
1731,40,44051.0,12.0,23,62.0,Filter Coffee,Standard,1
1732,41,95287.0,16.1,13,83.0,,None,1
1733,46,90933.0,9.3,20,76.0,Espresso,None,1
1734,47,79498.0,12.5,22,47.0,Matcha,None,1
1735,59,105454.0,15.9,19,82.0,Filter Coffee,Standard,1
1736,55,89791.0,12.3,21,102.0,Espresso,None,1
1737,26,111957.0,13.2,12,40.0,Espresso,None,1
1738,55,108566.0,12.3,21,102.0,Espresso,Standard,1
1739,53,93960.0,12.3,28,93.0,Espresso,Gold,1
1740,45,83958.0,9.0,25,114.0,Cappuccino,None,1
1741,44,30926.0,12.5,20,22.0,Cappuccino,None,0
1742,49,92650.0,10.5,19,66.0,Cappuccino,Standard,1
1743,36,40336.0,17.1,19,66.0,Filter Coffee,Standard,1
1744,40,31005.0,17.7,17,43.0,Filter Coffee,None,1
1745,48,28403.0,14.3,22,50.0,Filter Coffee,Gold,1
1746,52,92116.0,9.2,22,90.0,Latte,Standard,1
1747,43,,12.0,16,40.0,Filter Coffee,None,0
1748,27,,9.7,16,28.0,Cappuccino,None,1
1749,40,35124.0,16.4,23,77.0,Cappuccino,Standard,1
1750,42,31897.0,14.0,13,58.0,Latte,Standard,1
1751,37,98052.0,17.0,10,116.0,Latte,None,1
1752,46,94448.0,11.8,23,71.0,Filter Coffee,Standard,1
1753,39,90467.0,16.0,11,43.0,Matcha,Standard,1
1754,46,40054.0,15.8,17,77.0,Latte,None,1
1755,25,91078.0,10.9,15,81.0,Espresso,Standard,1
1756,59,95416.0,6.5,18,111.0,Cappuccino,Gold,1
1757,45,25989.0,19.3,21,27.0,Espresso,None,1
1758,45,30010.0,16.1,21,45.0,Cappuccino,None,0
1759,44,38374.0,14.5,22,32.0,Cappuccino,None,1
1760,27,96302.0,15.3,16,86.0,Latte,Standard,1
1761,22,90678.0,14.6,11,36.0,Latte,Gold,1
1762,37,95749.0,18.4,7,79.0,Espresso,None,1
1763,47,38002.0,14.2,17,47.0,Cappuccino,Standard,1
1764,28,94964.0,11.4,10,41.0,Espresso,Standard,1
1765,61,94765.0,14.7,17,68.0,Matcha,Standard,1
1766,52,96997.0,10.5,13,78.0,Espresso,None,1
1767,39,81819.0,14.3,14,29.0,Filter Coffee,None,1
1768,29,94177.0,22.1,8,84.0,Espresso,None,1
1769,52,37249.0,11.9,26,48.0,Filter Coffee,Standard,1
1770,51,102622.0,18.8,21,48.0,Filter Coffee,None,1
1771,38,90384.0,12.7,9,113.0,Filter Coffee,Gold,1
1772,41,31184.0,16.4,25,50.0,Matcha,None,1
1773,44,40179.0,16.8,20,13.0,Espresso,None,1
1774,43,36553.0,15.2,19,32.0,Espresso,Standard,0
1775,31,86798.0,18.7,13,86.0,Matcha,Standard,1
1776,46,15995.0,14.2,19,43.0,Cappuccino,None,0
1777,52,91898.0,9.8,23,87.0,Latte,None,1
1778,37,93180.0,15.5,11,37.0,Espresso,Gold,1
1779,28,95826.0,12.8,10,62.0,Latte,None,1
1780,43,37406.0,16.2,20,52.0,Matcha,None,1
1781,47,40798.0,15.4,22,65.0,Cappuccino,Standard,1
1782,34,95186.0,17.4,9,105.0,Cappuccino,None,1
1783,57,108331.0,9.7,20,83.0,Cappuccino,None,1
1784,40,97642.0,19.0,12,75.0,Matcha,None,1
1785,36,96884.0,14.7,11,68.0,Filter Coffee,None,1
1786,49,91315.0,14.6,22,96.0,Filter Coffee,None,1
1787,27,87237.0,15.0,13,36.0,Latte,None,1
1788,32,94779.0,17.5,8,67.0,Filter Coffee,None,1
1789,27,86951.0,14.3,9,70.0,Filter Coffee,None,1
1790,38,30344.0,16.1,24,48.0,Cappuccino,Standard,0
1791,63,92942.0,12.3,18,91.0,Cappuccino,None,1
1792,31,32842.0,6.9,23,54.0,Latte,None,0
1793,27,28938.0,19.3,16,29.0,Espresso,Standard,1
1794,46,37420.0,14.5,23,69.0,Latte,Standard,1
1795,35,96918.0,20.3,10,75.0,Latte,None,1
1796,50,84222.0,14.1,24,101.0,Matcha,Gold,1
1797,39,40926.0,17.6,15,55.0,Matcha,None,1
1798,29,88811.0,12.4,12,88.0,Latte,None,1
1799,50,99152.0,12.6,21,80.0,Latte,Standard,1
1800,34,98499.0,15.7,10,87.0,Latte,Standard,1
1801,53,103677.0,14.8,21,103.0,Filter Coffee,None,1
1802,42,27174.0,14.2,22,50.0,Matcha,None,1
1803,35,28357.0,14.6,19,49.0,Latte,Standard,1
1804,31,112681.0,11.9,8,40.0,Cappuccino,None,1
1805,54,97847.0,11.8,21,78.0,Cappuccino,Gold,1
1806,43,36607.0,14.1,20,65.0,Filter Coffee,None,1
1807,41,41461.0,15.1,24,67.0,Filter Coffee,Standard,1
1808,35,34718.0,15.6,22,16.0,Espresso,Standard,1
1809,27,96839.0,10.8,10,47.0,Espresso,Standard,1
1810,39,26428.0,8.4,22,82.0,Espresso,Standard,0
1811,52,96940.0,13.0,18,64.0,Filter Coffee,Standard,1
1812,35,35136.0,15.8,23,53.0,Filter Coffee,None,1
1813,38,30878.0,17.6,25,45.0,Filter Coffee,None,1
1814,37,33107.0,19.5,20,40.0,Cappuccino,None,1
1815,32,37859.0,13.2,21,72.0,Filter Coffee,Standard,1
1816,37,26333.0,13.2,17,62.0,Cappuccino,Standard,0
1817,58,93622.0,9.3,23,89.0,Espresso,None,1
1818,52,109671.0,14.6,22,92.0,Espresso,None,1
1819,41,39696.0,13.6,23,73.0,Espresso,None,1
1820,40,28992.0,12.3,20,60.0,Latte,Standard,1
1821,56,106343.0,14.5,19,73.0,Latte,None,1
1822,40,100894.0,7.9,10,63.0,Matcha,Standard,1
1823,38,36377.0,20.1,21,56.0,Matcha,Gold,1
1824,30,95605.0,11.4,3,73.0,Matcha,None,1
1825,46,90359.0,12.3,21,71.0,Latte,None,1
1826,33,96885.0,19.5,8,46.0,Latte,None,1
1827,31,84066.0,18.4,15,120.0,Matcha,None,1
1828,48,38307.0,15.4,20,37.0,Matcha,None,1
1829,37,29953.0,16.6,17,34.0,Filter Coffee,None,1
1830,31,105436.0,14.7,15,71.0,Matcha,Standard,1
1831,53,89764.0,11.6,16,104.0,Filter Coffee,None,1
1832,25,86238.0,12.3,12,77.0,Cappuccino,None,1
1833,50,99379.0,14.8,15,66.0,Latte,Gold,1
1834,31,85375.0,11.6,9,94.0,Matcha,Standard,1
1835,38,114989.0,15.1,9,80.0,Latte,None,1
1836,49,100553.0,12.0,23,44.0,Latte,Standard,1
1837,36,32124.0,18.5,25,55.0,Latte,None,1
1838,33,88087.0,16.6,11,38.0,Cappuccino,Standard,1
1839,56,89266.0,4.6,21,30.0,Espresso,Standard,1
1840,32,104818.0,15.9,7,,Matcha,Standard,1
1841,25,98693.0,12.6,6,104.0,Espresso,None,1
1842,56,100921.0,11.6,20,90.0,Espresso,Standard,1
1843,53,103636.0,10.7,24,,Espresso,None,1
1844,38,101744.0,17.0,15,53.0,Latte,None,1
1845,35,102807.0,18.7,7,47.0,Filter Coffee,None,1
1846,53,97590.0,10.9,21,70.0,Latte,None,1
1847,50,,10.4,22,80.0,Latte,None,1
1848,35,,13.0,13,70.0,Espresso,Standard,1
1849,27,96180.0,17.8,7,62.0,Latte,Gold,1
1850,44,40079.0,16.4,22,47.0,Espresso,None,1
1851,36,26832.0,11.9,20,25.0,Filter Coffee,None,1
1852,41,90578.0,5.5,12,106.0,Matcha,None,0
1853,43,105730.0,14.4,21,71.0,Espresso,None,1
1854,38,95140.0,13.6,10,106.0,Filter Coffee,None,1
1855,34,27573.0,12.6,15,83.0,Matcha,Gold,1
1856,37,97138.0,15.7,11,65.0,Cappuccino,None,1
1857,36,94342.0,12.1,9,54.0,Espresso,None,1
1858,34,106322.0,15.0,9,74.0,Espresso,None,1
1859,32,94461.0,13.7,9,112.0,Cappuccino,Standard,1
1860,38,38922.0,18.5,26,87.0,Cappuccino,Standard,1
1861,39,102049.0,15.5,10,81.0,Espresso,Gold,1
1862,49,101025.0,14.9,20,89.0,Cappuccino,Standard,1
1863,25,93301.0,13.6,6,60.0,Latte,None,1
1864,43,29723.0,16.6,24,69.0,Matcha,None,1
1865,55,102508.0,15.1,25,80.0,Matcha,Standard,1
1866,34,93408.0,13.3,7,73.0,Matcha,None,1
1867,46,95196.0,12.8,19,107.0,Latte,Standard,1
1868,59,100350.0,12.1,26,84.0,Cappuccino,None,1
1869,20,99107.0,21.1,10,116.0,Filter Coffee,None,1
1870,27,97887.0,15.6,7,74.0,Cappuccino,Standard,1
1871,23,84683.0,20.6,15,84.0,Espresso,Standard,1
1872,34,36284.0,17.7,16,55.0,Matcha,Standard,1
1873,29,90754.0,19.9,10,82.0,Cappuccino,None,1
1874,41,100712.0,14.3,25,65.0,Filter Coffee,Standard,1
1875,52,104930.0,14.7,22,75.0,Espresso,None,1
1876,54,28087.0,13.2,21,84.0,Latte,None,1
1877,66,82786.0,9.6,25,83.0,Latte,None,0
1878,55,95253.0,17.8,22,58.0,Filter Coffee,None,1
1879,51,95878.0,17.1,23,74.0,Espresso,None,1
1880,63,106965.0,14.5,19,96.0,Matcha,None,1
1881,41,27484.0,15.8,21,49.0,Cappuccino,None,0
1882,58,99554.0,13.5,20,80.0,Espresso,None,1
1883,28,89450.0,17.9,8,87.0,Latte,None,1
1884,34,100448.0,14.6,12,67.0,Filter Coffee,None,1
1885,46,33862.0,17.4,21,97.0,Filter Coffee,None,1
1886,48,96903.0,11.2,19,116.0,Cappuccino,Standard,1
1887,43,26879.0,15.5,20,,Filter Coffee,None,0
1888,43,29174.0,18.3,17,52.0,Filter Coffee,None,1
1889,58,108882.0,10.3,21,104.0,Espresso,None,1
1890,63,93400.0,12.0,21,72.0,Matcha,Standard,1
1891,30,,12.4,9,89.0,Cappuccino,Standard,1
1892,29,107886.0,9.5,10,93.0,Espresso,Standard,1
1893,50,94280.0,9.4,19,50.0,Matcha,Standard,1
1894,49,35482.0,12.8,21,55.0,Espresso,None,1
1895,43,29828.0,13.9,26,29.0,Espresso,Standard,0
1896,35,96087.0,15.7,11,87.0,Filter Coffee,Standard,1
1897,42,22909.0,11.3,22,41.0,Matcha,None,1
1898,42,27378.0,15.6,22,55.0,Cappuccino,None,1
1899,40,28722.0,20.9,26,32.0,Cappuccino,None,1
1900,40,35520.0,17.5,21,55.0,Matcha,Gold,1
1901,45,87999.0,13.8,21,97.0,Filter Coffee,Standard,1
1902,36,89885.0,13.4,12,62.0,Latte,Standard,1
1903,36,99904.0,14.9,14,62.0,Espresso,None,1
1904,52,102246.0,11.1,25,77.0,Filter Coffee,None,1
1905,37,38567.0,15.2,18,27.0,Matcha,None,1
1906,37,31866.0,16.0,20,44.0,Espresso,None,1
1907,52,88847.0,9.0,18,52.0,Cappuccino,Standard,1
1908,23,99926.0,17.3,10,71.0,Latte,Standard,1
1909,42,42207.0,15.9,21,69.0,Cappuccino,None,1
1910,55,90540.0,6.2,18,102.0,Matcha,Standard,1
1911,38,32616.0,19.3,18,65.0,Espresso,None,1
1912,32,101483.0,12.1,10,105.0,Matcha,Gold,1
1913,32,99609.0,13.9,12,87.0,,None,1
1914,39,32789.0,14.7,16,81.0,Filter Coffee,None,1
1915,45,95138.0,10.3,27,42.0,Latte,None,1
1916,39,23634.0,16.8,20,43.0,Filter Coffee,None,1
1917,43,29397.0,20.5,22,36.0,Filter Coffee,None,1
1918,31,105292.0,19.6,13,85.0,Matcha,Standard,1
1919,50,39330.0,17.2,22,75.0,Latte,Standard,1
1920,42,114337.0,15.6,4,93.0,Espresso,Standard,1
1921,39,96301.0,15.0,15,60.0,Espresso,None,1
1922,34,99079.0,13.9,11,99.0,Cappuccino,Standard,1
1923,34,108889.0,9.1,6,56.0,Espresso,None,1
1924,34,41164.0,21.1,24,23.0,Matcha,None,1
1925,55,28430.0,21.1,20,52.0,Filter Coffee,Standard,1
1926,55,91957.0,14.0,25,50.0,Filter Coffee,Standard,1
1927,38,87888.0,13.9,9,93.0,Filter Coffee,None,1
1928,37,35598.0,16.8,21,30.0,Latte,None,1
1929,49,98039.0,12.0,18,104.0,Espresso,Gold,1
1930,62,108848.0,16.7,24,90.0,Matcha,None,1
1931,49,29713.0,17.8,19,21.0,Latte,None,1
1932,56,93498.0,16.0,20,,Cappuccino,Standard,1
1933,34,88897.0,12.2,8,80.0,Matcha,None,1
1934,37,38705.0,15.7,20,33.0,,None,1
1935,32,91449.0,15.0,11,61.0,Matcha,None,1
1936,47,48271.0,15.8,18,49.0,,Standard,0
1937,27,97014.0,15.4,8,81.0,Matcha,Standard,1
1938,31,40774.0,19.7,21,41.0,Espresso,Standard,1
1939,27,104459.0,17.8,6,,Matcha,Gold,1
1940,47,29495.0,14.7,19,26.0,Filter Coffee,Standard,0
1941,39,88584.0,16.6,6,54.0,Matcha,None,1
1942,52,,14.9,19,92.0,Cappuccino,None,1
1943,53,98427.0,11.1,20,89.0,Cappuccino,Standard,1
1944,27,,14.6,13,69.0,Filter Coffee,Standard,1
1945,39,89833.0,8.9,20,88.0,Espresso,Standard,1
1946,50,102228.0,10.9,25,86.0,Espresso,Standard,1
1947,34,101320.0,13.9,12,90.0,Latte,None,1
1948,57,85338.0,9.1,23,89.0,Filter Coffee,None,1
1949,30,89134.0,8.5,9,88.0,Matcha,None,1
1950,45,90501.0,18.3,11,107.0,Filter Coffee,None,1
1951,35,98716.0,12.2,10,102.0,Latte,None,1
1952,43,21847.0,10.6,19,74.0,Filter Coffee,Standard,0
1953,52,90736.0,11.5,24,57.0,Filter Coffee,Standard,1
1954,35,94017.0,13.6,9,59.0,Latte,None,1
1955,52,94774.0,9.8,23,96.0,Espresso,None,1
1956,48,81237.0,14.0,24,114.0,,None,1
1957,36,97269.0,15.0,12,46.0,Latte,None,1
1958,47,95329.0,5.7,27,,Cappuccino,Standard,0
1959,54,87852.0,9.2,25,73.0,Espresso,Standard,1
1960,36,,13.7,12,77.0,Cappuccino,Standard,1
1961,48,27445.0,14.8,19,44.0,Espresso,Standard,1
1962,41,103645.0,10.5,8,95.0,Matcha,Standard,1
1963,41,39350.0,16.8,27,13.0,Matcha,None,1
1964,42,29043.0,13.2,20,45.0,,None,1
1965,46,,13.9,10,59.0,Cappuccino,None,1
1966,28,89026.0,21.1,11,51.0,Espresso,Gold,1
1967,43,26982.0,19.5,23,51.0,Matcha,None,1
1968,45,99244.0,9.4,20,78.0,Latte,None,1
1969,53,89844.0,14.9,21,61.0,Matcha,Standard,1
1970,32,85651.0,14.8,10,98.0,Latte,Gold,1
1971,23,,14.5,24,46.0,Espresso,Standard,1
1972,47,90874.0,6.3,21,56.0,Matcha,None,1
1973,47,99901.0,15.4,22,66.0,Matcha,None,1
1974,52,35285.0,16.9,19,54.0,Espresso,None,1
1975,51,97444.0,12.4,25,96.0,Matcha,None,1
1976,49,83784.0,7.6,21,39.0,Latte,None,0
1977,28,106082.0,17.0,14,80.0,Matcha,None,1
1978,62,99419.0,19.7,19,47.0,Cappuccino,Gold,1
1979,46,102100.0,6.3,24,97.0,Filter Coffee,None,1
1980,43,101119.0,12.8,10,40.0,Latte,Standard,1
1981,42,88375.0,13.2,19,86.0,Cappuccino,Standard,1
1982,36,39290.0,11.5,24,60.0,Espresso,None,1
1983,39,31318.0,16.4,22,46.0,Latte,Standard,0
1984,50,89873.0,8.6,18,117.0,Filter Coffee,None,1
1985,30,109797.0,16.3,9,74.0,Filter Coffee,None,1
1986,48,96398.0,16.4,20,69.0,Espresso,Standard,1
1987,37,37462.0,14.8,18,63.0,Espresso,None,1
1988,44,17832.0,18.4,19,64.0,Latte,Gold,1
1989,33,38123.0,13.2,21,12.0,Matcha,None,1
1990,32,90536.0,15.8,6,84.0,Espresso,Standard,1
1991,44,,15.7,19,14.0,Matcha,None,1
1992,55,111698.0,12.0,21,72.0,Cappuccino,None,1
1993,37,19947.0,20.3,19,43.0,Filter Coffee,None,1
1994,41,23905.0,19.3,23,,Matcha,Standard,1
1995,58,106362.0,4.8,19,72.0,Filter Coffee,Standard,1
1996,45,40346.0,19.1,25,58.0,Matcha,Standard,1
1997,41,106350.0,17.4,16,73.0,,None,1
1998,52,99690.0,15.3,19,,Espresso,Standard,1
1999,48,93863.0,11.9,23,92.0,Cappuccino,Standard,1
2000,50,39539.0,21.0,14,56.0,Espresso,Standard,1
2001,30,95194.0,17.8,7,101.0,Espresso,None,1
2002,51,101350.0,14.4,21,101.0,Filter Coffee,Standard,1
2003,34,35184.0,17.8,23,,Cappuccino,Standard,1
2004,43,91509.0,14.1,21,64.0,Matcha,None,1
2005,45,27181.0,14.4,20,32.0,Cappuccino,Standard,0
2006,31,101215.0,9.5,5,90.0,Filter Coffee,Standard,1
2007,48,82605.0,15.3,25,67.0,Espresso,None,1
2008,48,100790.0,11.0,20,71.0,Filter Coffee,None,1
2009,24,73955.0,18.4,6,47.0,Latte,None,1
2010,23,102181.0,19.5,8,104.0,Latte,Standard,1
2011,46,96743.0,11.9,22,53.0,Matcha,Standard,1
2012,38,23068.0,14.1,23,55.0,Filter Coffee,None,0
2013,53,106237.0,12.6,20,120.0,Matcha,Standard,1
2014,37,99358.0,13.6,12,53.0,Matcha,Standard,1
2015,39,96750.0,17.9,4,66.0,Latte,None,1
2016,47,96120.0,16.5,20,53.0,Matcha,Standard,1
2017,37,39636.0,16.6,16,66.0,Latte,Gold,1
2018,36,96051.0,15.4,10,,Espresso,Standard,1
2019,43,101967.0,16.0,10,95.0,Filter Coffee,Standard,1
2020,48,,14.0,20,69.0,Matcha,Gold,1
2021,50,87671.0,8.6,22,65.0,Latte,Standard,1
2022,59,104109.0,12.5,23,88.0,Cappuccino,None,1
2023,29,,13.5,9,57.0,Matcha,Standard,1
2024,52,98644.0,11.3,20,85.0,Espresso,Standard,0
2025,47,18004.0,12.9,22,21.0,Espresso,Standard,0
2026,32,101414.0,11.6,12,105.0,Cappuccino,None,1
2027,60,91838.0,11.6,21,101.0,Latte,Standard,1
2028,40,24056.0,21.7,17,75.0,Matcha,None,1
2029,35,40957.0,20.9,18,82.0,Latte,Gold,1
2030,33,25697.0,13.2,25,72.0,Espresso,None,0
2031,47,90251.0,8.2,23,52.0,Latte,None,1
2032,57,94090.0,9.5,19,68.0,Espresso,None,1
2033,54,97311.0,8.2,17,43.0,Latte,None,1
2034,49,94154.0,9.3,21,94.0,Cappuccino,Standard,1
2035,47,96909.0,15.7,26,75.0,Filter Coffee,Gold,1
2036,38,94771.0,12.7,15,93.0,Cappuccino,Standard,1
2037,29,31297.0,15.0,25,52.0,Cappuccino,None,1
2038,39,89193.0,11.3,21,66.0,Filter Coffee,None,1
2039,33,38207.0,18.8,19,32.0,Filter Coffee,Standard,1
2040,42,24097.0,15.0,22,93.0,Matcha,Gold,1
2041,50,97255.0,17.9,21,56.0,Matcha,None,1
2042,48,88479.0,8.3,24,106.0,Cappuccino,None,1
2043,32,86182.0,17.6,11,68.0,Cappuccino,None,1
2044,54,94666.0,3.0,21,107.0,Espresso,Standard,0
2045,32,94660.0,18.1,9,46.0,Espresso,Standard,1
2046,26,102193.0,15.9,14,91.0,Matcha,None,1
2047,55,92281.0,11.0,25,81.0,Matcha,None,1
2048,32,89332.0,20.8,10,42.0,Espresso,Standard,1
2049,36,118685.0,15.6,11,82.0,Espresso,None,1
2050,46,40332.0,10.5,23,86.0,Latte,None,1
2051,33,89929.0,15.2,8,66.0,Latte,Standard,1
2052,63,100286.0,9.8,20,,Espresso,None,1
2053,43,32149.0,17.2,20,51.0,Latte,None,1
2054,32,94927.0,13.2,9,56.0,Filter Coffee,Standard,1
2055,56,94194.0,7.9,21,56.0,Matcha,Standard,1
2056,39,36376.0,14.8,21,44.0,Matcha,Standard,1
2057,48,101742.0,10.9,24,67.0,Espresso,Standard,1
2058,47,97519.0,3.3,20,90.0,Cappuccino,Standard,0
2059,33,97088.0,17.5,9,119.0,Espresso,Standard,1
2060,53,86033.0,13.5,23,76.0,Latte,None,1
2061,50,112482.0,11.6,22,47.0,Cappuccino,Standard,1
2062,30,,11.3,7,65.0,Latte,Gold,1
2063,36,102084.0,14.9,11,73.0,Filter Coffee,None,1
2064,43,81575.0,14.5,14,67.0,Latte,None,1
2065,51,36699.0,8.1,21,50.0,Filter Coffee,None,0
2066,56,111765.0,15.0,16,71.0,Filter Coffee,None,1
2067,45,41677.0,13.9,20,70.0,Latte,None,1
2068,36,35213.0,16.7,21,47.0,Latte,Standard,1
2069,50,27320.0,9.5,21,56.0,Filter Coffee,Gold,1
2070,34,88237.0,14.8,13,59.0,Cappuccino,None,1
2071,58,100987.0,9.5,28,113.0,Filter Coffee,None,1
2072,31,94954.0,13.7,8,73.0,Matcha,None,1
2073,51,96129.0,11.2,19,99.0,Filter Coffee,Standard,1
2074,33,104878.0,9.8,8,103.0,Cappuccino,None,1
2075,55,96846.0,10.2,16,97.0,Matcha,None,1
2076,57,109370.0,15.1,20,101.0,,None,1
2077,30,92002.0,15.6,14,66.0,Espresso,None,1
2078,49,84104.0,13.4,18,90.0,Cappuccino,None,1
2079,27,88154.0,14.8,10,120.0,Filter Coffee,Standard,1
2080,33,100384.0,16.8,10,87.0,Latte,Standard,1
2081,29,101049.0,16.8,9,69.0,Cappuccino,Standard,1
2082,35,34045.0,11.9,23,68.0,Matcha,None,1
2083,32,106923.0,14.8,9,120.0,Matcha,Standard,1
2084,42,30668.0,16.6,18,45.0,Espresso,Standard,1
2085,46,41536.0,12.7,24,38.0,Matcha,None,1
2086,56,95782.0,8.7,15,77.0,Cappuccino,Standard,1
2087,30,94333.0,17.7,14,68.0,Matcha,None,1
2088,50,97257.0,12.2,20,40.0,Cappuccino,Standard,1
2089,39,102601.0,14.1,14,59.0,Latte,None,1
2090,37,103250.0,11.9,12,59.0,Espresso,Gold,1
2091,41,28653.0,18.9,19,18.0,Matcha,None,1
2092,39,31110.0,18.7,25,29.0,Cappuccino,Standard,1
2093,37,,13.6,19,30.0,Filter Coffee,Standard,1
2094,38,29136.0,18.4,16,45.0,Espresso,Standard,1
2095,34,98658.0,14.7,8,64.0,Latte,None,1
2096,44,31057.0,12.9,21,54.0,Cappuccino,None,0
2097,31,87944.0,13.4,5,99.0,Latte,Standard,1
2098,29,40398.0,16.3,21,49.0,Latte,None,1
2099,38,92132.0,8.9,11,89.0,Matcha,None,1
2100,33,93299.0,17.9,12,102.0,Matcha,Standard,1
2101,40,28434.0,13.5,19,58.0,Cappuccino,Standard,0
2102,60,90970.0,13.1,20,80.0,Filter Coffee,None,1
2103,27,98386.0,12.5,5,106.0,Cappuccino,None,1
2104,51,108745.0,11.6,18,103.0,Filter Coffee,None,1
2105,58,94821.0,15.4,21,81.0,Latte,Standard,1
2106,23,111097.0,16.5,12,88.0,Espresso,Standard,1
2107,49,103739.0,9.3,17,79.0,Cappuccino,Standard,1
2108,54,103462.0,7.3,21,75.0,Cappuccino,Gold,1
2109,52,83893.0,15.3,19,68.0,Filter Coffee,None,1
2110,35,26124.0,14.3,20,66.0,Latte,None,0
2111,37,41836.0,12.2,25,41.0,Latte,None,1
2112,40,31328.0,15.9,19,,Filter Coffee,None,1
2113,37,98321.0,15.0,17,43.0,Latte,Gold,1
2114,57,97691.0,12.5,23,97.0,Matcha,Standard,1
2115,31,87494.0,13.9,12,87.0,Espresso,None,1
2116,34,46523.0,17.0,24,82.0,Cappuccino,None,1
2117,36,29338.0,13.2,17,68.0,Espresso,Standard,0
2118,37,97117.0,7.6,9,66.0,Cappuccino,Standard,1
2119,53,105204.0,8.1,21,94.0,Matcha,None,1
2120,46,84273.0,10.4,21,65.0,Latte,Gold,1
2121,55,102816.0,12.0,22,41.0,Filter Coffee,Standard,1
2122,30,34830.0,15.2,22,51.0,Matcha,None,1
2123,54,103750.0,12.5,23,68.0,Espresso,Standard,1
2124,42,44081.0,14.2,20,51.0,Filter Coffee,None,1
2125,36,106072.0,13.0,10,82.0,Latte,Gold,1
2126,38,29985.0,21.4,21,33.0,Matcha,Gold,1
2127,52,99175.0,15.4,23,92.0,Filter Coffee,Standard,1
2128,36,90833.0,10.4,6,74.0,Matcha,Standard,1
2129,36,95123.0,13.6,9,119.0,Matcha,None,1
2130,49,94362.0,10.5,18,64.0,Latte,Gold,1
2131,43,94500.0,10.4,19,65.0,Cappuccino,Standard,1
2132,37,93753.0,15.9,12,67.0,Filter Coffee,Standard,1
2133,38,39596.0,14.0,20,74.0,Latte,Gold,1
2134,38,91469.0,12.8,7,62.0,Matcha,Gold,1
2135,38,33632.0,18.3,19,34.0,Latte,Standard,1
2136,30,37611.0,13.4,22,87.0,Cappuccino,None,0
2137,36,97190.0,12.5,10,55.0,Filter Coffee,Gold,1
2138,41,30251.0,25.0,23,32.0,Cappuccino,Standard,1
2139,23,93034.0,18.1,10,100.0,Espresso,Gold,1
2140,37,,11.3,7,83.0,Filter Coffee,Standard,1
2141,33,44586.0,13.1,25,32.0,Cappuccino,None,1
2142,46,46021.0,16.5,21,61.0,Matcha,None,1
2143,51,103052.0,12.0,23,65.0,Filter Coffee,Standard,1
2144,50,,16.1,23,72.0,Filter Coffee,Standard,1
2145,48,89410.0,16.9,20,45.0,Latte,None,1
2146,42,92397.0,15.4,18,63.0,Matcha,Standard,1
2147,37,97432.0,11.6,11,88.0,Espresso,None,1
2148,49,89032.0,3.7,24,55.0,Cappuccino,Standard,0
2149,53,98222.0,17.2,21,103.0,Latte,None,1
2150,57,97969.0,10.5,19,88.0,Cappuccino,None,1
2151,53,99613.0,17.4,18,80.0,Espresso,None,1
2152,33,89454.0,9.2,13,107.0,Espresso,None,1
2153,31,96176.0,10.8,8,64.0,Filter Coffee,None,1
2154,34,30666.0,13.3,22,38.0,Espresso,None,1
2155,41,32929.0,19.6,28,82.0,Cappuccino,None,1
2156,39,,12.6,12,,Matcha,Gold,1
2157,25,96961.0,19.0,9,84.0,Matcha,Standard,1
2158,28,84460.0,15.6,11,71.0,Filter Coffee,None,1
2159,31,101421.0,10.2,9,112.0,Cappuccino,Gold,1
2160,48,96133.0,10.2,19,76.0,Cappuccino,None,1
2161,34,97582.0,12.9,9,49.0,Espresso,Standard,1
2162,30,95787.0,13.1,18,79.0,Cappuccino,Standard,1
2163,47,19487.0,16.1,24,42.0,Latte,None,1
2164,27,105711.0,18.1,13,,Espresso,None,1
2165,51,93693.0,6.1,22,71.0,Latte,None,1
2166,38,100159.0,11.0,10,101.0,Filter Coffee,None,1
2167,45,20485.0,21.4,24,43.0,Matcha,Standard,1
2168,33,85482.0,13.9,13,84.0,Filter Coffee,None,1
2169,48,84577.0,10.8,15,76.0,Matcha,None,1
2170,30,93324.0,17.9,15,91.0,Filter Coffee,None,1
2171,34,89740.0,9.7,9,57.0,Cappuccino,None,1
2172,31,23349.0,21.2,16,37.0,Latte,Standard,1
2173,37,105295.0,16.2,13,73.0,Matcha,None,1
2174,43,39474.0,14.6,24,60.0,Espresso,Standard,0
2175,29,120000.0,16.4,12,57.0,Latte,None,1
2176,54,93781.0,11.6,23,95.0,Espresso,None,1
2177,39,111494.0,18.7,1,56.0,Latte,Standard,1
2178,44,37651.0,15.2,21,34.0,Latte,None,0
2179,34,20577.0,11.0,20,58.0,Filter Coffee,Standard,0
2180,49,79982.0,11.0,15,64.0,Matcha,Standard,1
2181,40,,15.5,25,62.0,Matcha,None,1
2182,37,26440.0,19.3,18,59.0,Latte,None,1
2183,48,94918.0,11.8,19,97.0,Cappuccino,None,1
2184,51,97779.0,12.2,17,79.0,Cappuccino,None,1
2185,61,97126.0,9.2,23,68.0,Espresso,None,1
2186,50,100012.0,7.0,21,81.0,Espresso,None,1
2187,32,79944.0,10.6,7,66.0,Filter Coffee,None,1
2188,55,103883.0,13.5,22,93.0,Latte,Standard,1
2189,50,41379.0,17.9,24,67.0,Espresso,Standard,1
2190,32,79936.0,10.3,9,95.0,Espresso,Standard,1
2191,37,94040.0,16.6,11,96.0,Latte,None,1
2192,38,40946.0,14.9,20,29.0,Filter Coffee,None,1
2193,55,,14.4,23,79.0,Espresso,Standard,1
2194,46,93058.0,8.5,25,79.0,Filter Coffee,Standard,1
2195,31,96853.0,15.6,16,54.0,Matcha,Standard,1
2196,34,106172.0,18.7,11,77.0,Filter Coffee,None,1
2197,35,82913.0,14.6,8,59.0,Cappuccino,Standard,0
2198,46,90266.0,15.4,23,86.0,Cappuccino,Standard,1
2199,30,91819.0,14.7,7,92.0,Filter Coffee,None,1
2200,51,27164.0,15.8,22,42.0,Cappuccino,None,1
2201,47,24923.0,18.2,21,55.0,Matcha,Standard,1
2202,50,103212.0,16.6,12,86.0,Latte,None,1
2203,53,108293.0,12.7,20,118.0,Cappuccino,None,1
2204,52,91544.0,7.0,22,76.0,Cappuccino,Standard,1
2205,39,39247.0,17.3,21,55.0,Filter Coffee,Gold,1
2206,57,99395.0,9.1,19,87.0,Matcha,None,1
2207,57,83554.0,10.4,18,78.0,Latte,None,1
2208,39,30456.0,18.0,23,51.0,Filter Coffee,None,1
2209,47,98391.0,8.8,23,66.0,Filter Coffee,Standard,1
2210,39,92216.0,11.6,6,93.0,Matcha,None,1
2211,46,33473.0,20.5,28,35.0,Latte,Gold,1
2212,47,84952.0,10.9,18,78.0,Matcha,None,1
2213,53,95536.0,10.5,22,83.0,Latte,None,1
2214,29,88076.0,11.7,9,77.0,Matcha,Standard,1
2215,51,98708.0,9.9,21,74.0,Filter Coffee,Standard,1
2216,51,,12.4,20,101.0,Filter Coffee,None,1
2217,28,106742.0,14.2,14,81.0,Espresso,None,1
2218,31,109644.0,15.7,9,55.0,Cappuccino,Gold,1
2219,31,97681.0,16.1,9,83.0,Matcha,None,1
2220,46,25779.0,15.5,23,69.0,Espresso,Standard,0
2221,37,99851.0,15.8,3,78.0,Cappuccino,None,1
2222,38,87205.0,14.2,10,70.0,Matcha,Standard,1
2223,43,38147.0,17.7,20,76.0,Latte,Standard,1
2224,40,103500.0,11.3,14,77.0,Cappuccino,None,1
2225,41,99775.0,17.2,7,53.0,Filter Coffee,Standard,1
2226,46,31070.0,19.4,19,54.0,Espresso,None,1
2227,60,86192.0,17.3,19,104.0,Cappuccino,None,1
2228,59,87164.0,10.9,21,83.0,Cappuccino,Standard,1
2229,58,94560.0,14.4,23,104.0,Filter Coffee,None,1
2230,40,39072.0,13.6,20,41.0,Matcha,Standard,1
2231,47,89602.0,11.3,22,103.0,Latte,None,1
2232,51,91680.0,12.0,21,71.0,Filter Coffee,None,1
2233,49,91911.0,12.6,23,82.0,Latte,None,1
2234,37,20418.0,15.1,16,55.0,Matcha,None,1
2235,57,101033.0,12.8,18,66.0,Cappuccino,None,1
2236,45,48024.0,14.6,19,44.0,Latte,Standard,0
2237,33,83287.0,12.7,17,69.0,Espresso,Gold,1
2238,43,40426.0,14.5,19,60.0,Espresso,Standard,0
2239,30,101495.0,14.5,11,95.0,Filter Coffee,None,1
2240,38,40830.0,15.0,19,60.0,Matcha,None,1
2241,36,25557.0,14.9,25,26.0,Filter Coffee,None,1
2242,39,24629.0,16.8,20,40.0,Filter Coffee,None,1
2243,39,33149.0,14.9,25,9.0,Filter Coffee,Standard,0
2244,39,28308.0,16.2,21,73.0,Espresso,None,1
2245,40,30496.0,17.6,29,50.0,Espresso,None,0
2246,42,26315.0,13.3,20,69.0,Filter Coffee,Gold,1
2247,35,31994.0,16.8,21,41.0,Espresso,None,1
2248,49,84914.0,15.0,20,83.0,Matcha,None,1
2249,37,84399.0,12.6,8,66.0,Filter Coffee,None,1
2250,29,89872.0,11.9,10,,Espresso,None,1
2251,45,112390.0,17.3,25,63.0,Latte,Standard,1
2252,33,90309.0,14.1,14,57.0,Filter Coffee,None,1
2253,52,84058.0,13.4,27,54.0,Filter Coffee,None,1
2254,45,94545.0,16.7,10,100.0,Matcha,None,1
2255,26,112249.0,11.3,13,109.0,Cappuccino,None,1
2256,35,99297.0,13.8,8,95.0,Cappuccino,None,1
2257,43,96386.0,7.0,18,91.0,Matcha,Standard,1
2258,46,85935.0,13.8,21,59.0,Matcha,Standard,1
2259,39,37996.0,17.3,25,74.0,Matcha,Standard,1
2260,42,31656.0,17.7,25,46.0,Cappuccino,None,1
2261,38,,12.5,19,59.0,Matcha,Standard,1
2262,41,36192.0,13.0,24,24.0,Espresso,Standard,0
2263,48,99761.0,19.5,22,79.0,Filter Coffee,None,1
2264,46,28277.0,15.4,22,71.0,Filter Coffee,Standard,1
2265,29,99618.0,10.0,9,91.0,Latte,None,1
2266,57,101917.0,11.7,19,101.0,Latte,None,1
2267,42,34789.0,13.7,21,37.0,Filter Coffee,Standard,1
2268,58,106992.0,7.0,22,45.0,Espresso,None,1
2269,48,99036.0,12.9,22,79.0,Cappuccino,Standard,1
2270,42,25472.0,10.6,21,44.0,Cappuccino,None,0
2271,30,111247.0,15.8,10,73.0,Espresso,Standard,1
2272,42,,10.1,21,71.0,Cappuccino,Gold,1
2273,31,104359.0,15.3,14,52.0,Matcha,Standard,1
2274,70,89058.0,10.4,21,105.0,Filter Coffee,None,1
2275,36,42956.0,17.4,20,20.0,Filter Coffee,None,1
2276,59,88631.0,7.6,23,56.0,Espresso,None,1
2277,34,107191.0,12.2,9,86.0,Cappuccino,None,1
2278,54,89977.0,15.3,18,88.0,Latte,None,1
2279,40,81068.0,19.6,9,64.0,Latte,Standard,1
2280,54,102392.0,16.6,19,85.0,Cappuccino,Standard,1
2281,42,25427.0,18.6,20,67.0,Latte,Gold,1
2282,29,116753.0,7.4,9,106.0,,None,1
2283,28,94654.0,10.3,12,63.0,Espresso,None,1
2284,52,92497.0,9.7,21,74.0,Cappuccino,None,1
2285,36,,14.1,23,43.0,Latte,Gold,1
2286,40,27221.0,22.0,24,23.0,Espresso,Standard,1
2287,29,30298.0,19.3,20,20.0,Espresso,Standard,0
2288,53,108252.0,12.8,22,92.0,Matcha,Gold,1
2289,38,30150.0,12.1,20,49.0,Matcha,Standard,1
2290,31,90664.0,18.3,11,,Espresso,None,1
2291,49,82938.0,12.8,20,79.0,Cappuccino,None,1
2292,37,105265.0,9.0,9,64.0,Filter Coffee,Standard,1
2293,45,105254.0,14.0,22,92.0,Filter Coffee,None,1
2294,53,96708.0,10.5,25,105.0,Espresso,None,1
2295,38,89287.0,21.1,8,60.0,Espresso,Gold,1
2296,31,101515.0,15.0,11,92.0,Espresso,Gold,1
2297,47,40181.0,14.1,19,,Cappuccino,Standard,1
2298,30,84505.0,11.0,10,87.0,Matcha,Standard,1
2299,33,,13.8,12,57.0,Espresso,Standard,1
2300,31,94052.0,14.2,13,84.0,Espresso,None,1
2301,61,90253.0,15.2,19,71.0,Latte,None,1
2302,45,24789.0,19.3,21,45.0,Cappuccino,Standard,1
2303,41,37095.0,19.1,20,33.0,Espresso,Standard,1
2304,32,,14.1,17,37.0,Latte,None,1
2305,38,95953.0,14.5,15,109.0,Filter Coffee,Gold,1
2306,36,,16.8,13,62.0,Espresso,None,1
2307,50,101392.0,15.6,20,87.0,Espresso,None,1
2308,55,102942.0,10.2,19,58.0,Latte,Standard,1
2309,46,97950.0,11.4,22,78.0,Cappuccino,None,1
2310,33,33250.0,14.2,22,51.0,Espresso,None,1
2311,51,92264.0,11.8,27,70.0,Filter Coffee,None,1
2312,32,96438.0,10.7,12,57.0,Espresso,Standard,1
2313,40,28603.0,14.1,26,43.0,Filter Coffee,None,1
2314,50,94095.0,7.3,24,55.0,Matcha,Standard,1
2315,66,96208.0,7.4,21,98.0,Matcha,Standard,1
2316,31,96329.0,14.7,10,86.0,Filter Coffee,None,1
2317,37,95288.0,10.5,6,46.0,Cappuccino,Gold,1
2318,35,90775.0,18.0,8,63.0,Espresso,None,1
2319,37,77262.0,18.1,10,75.0,Espresso,Gold,1
2320,49,,13.1,22,62.0,Matcha,Standard,1
2321,56,87595.0,13.4,20,74.0,Filter Coffee,Gold,1
2322,47,111158.0,10.8,21,95.0,Espresso,None,1
2323,31,78945.0,18.8,11,64.0,Espresso,None,1
2324,30,98751.0,9.5,5,111.0,Cappuccino,None,1
2325,52,105809.0,17.2,23,67.0,Latte,None,1
2326,50,99340.0,11.8,24,97.0,Matcha,Standard,1
2327,43,,17.4,6,73.0,Matcha,None,1
2328,31,92702.0,14.8,12,54.0,Latte,Standard,1
2329,49,87542.0,16.1,16,84.0,,None,1
2330,57,92567.0,13.7,19,70.0,Cappuccino,None,1
2331,53,99489.0,14.3,24,95.0,Cappuccino,Standard,1
2332,39,25799.0,19.5,19,49.0,Matcha,None,1
2333,23,94100.0,19.6,12,37.0,Cappuccino,Standard,1
2334,55,90618.0,11.6,15,50.0,Latte,Standard,1
2335,42,,15.8,23,54.0,Espresso,Standard,1
2336,54,100588.0,13.2,23,56.0,Latte,None,1
2337,51,104203.0,8.4,19,100.0,Filter Coffee,Standard,1
2338,36,29074.0,12.7,21,45.0,Matcha,Gold,1
2339,41,24247.0,14.9,20,46.0,Cappuccino,Standard,1
2340,31,33977.0,14.7,19,102.0,Filter Coffee,None,0
2341,64,90866.0,15.2,25,110.0,Cappuccino,Standard,1
2342,45,31835.0,19.5,22,73.0,Espresso,Standard,1
2343,35,37558.0,11.1,23,74.0,Espresso,Standard,1
2344,34,94546.0,18.7,16,104.0,Espresso,None,1
2345,40,95037.0,9.2,11,75.0,Cappuccino,None,1
2346,46,32715.0,11.0,22,39.0,Filter Coffee,Standard,0
2347,38,89749.0,13.1,9,78.0,Espresso,None,1
2348,45,29934.0,9.9,21,83.0,Filter Coffee,Standard,0
2349,36,27254.0,21.7,22,10.0,Cappuccino,None,1
2350,46,34093.0,18.6,23,79.0,Filter Coffee,Standard,1
2351,45,100272.0,13.7,15,91.0,Cappuccino,None,1
2352,37,,14.3,16,41.0,Cappuccino,None,1
2353,56,93636.0,9.8,26,60.0,Matcha,Gold,1
2354,36,85410.0,16.4,5,62.0,Cappuccino,Standard,1
2355,32,87985.0,14.9,15,66.0,Cappuccino,Standard,1
2356,35,103726.0,15.8,6,18.0,Latte,None,1
2357,42,31910.0,10.9,19,46.0,Espresso,Standard,0
2358,53,101812.0,10.1,23,88.0,Matcha,Standard,1
2359,30,94837.0,12.6,10,70.0,Matcha,Standard,1
2360,49,86052.0,9.0,18,77.0,Matcha,None,1
2361,34,102585.0,12.9,10,86.0,Latte,Standard,1
2362,39,,16.8,24,77.0,Cappuccino,Standard,1
2363,42,37292.0,13.6,23,44.0,Espresso,Gold,1
2364,36,35446.0,17.2,22,27.0,Filter Coffee,None,1
2365,48,24971.0,22.3,19,72.0,Cappuccino,Standard,1
2366,51,34526.0,18.6,19,19.0,Latte,Standard,1
2367,41,24312.0,21.5,24,52.0,Cappuccino,None,1
2368,30,90174.0,13.5,7,64.0,Cappuccino,None,1
2369,31,99731.0,10.3,12,120.0,Latte,None,1
2370,42,32299.0,12.6,18,64.0,Matcha,None,1
2371,42,38539.0,16.5,23,42.0,Matcha,None,1
2372,48,96925.0,8.4,24,74.0,Espresso,Standard,1
2373,41,82834.0,16.1,11,82.0,Espresso,Standard,1
2374,40,101230.0,7.8,8,81.0,Matcha,Standard,1
2375,47,40665.0,13.3,20,40.0,Filter Coffee,Gold,1
2376,41,29062.0,16.8,21,15.0,,None,1
2377,50,82830.0,10.6,21,70.0,Filter Coffee,None,1
2378,32,30892.0,17.1,19,39.0,Cappuccino,Standard,1
2379,45,31925.0,12.4,17,87.0,Matcha,None,1
2380,35,100242.0,16.9,9,,Espresso,None,1
2381,41,96839.0,8.1,25,77.0,Espresso,None,1
2382,31,95250.0,17.4,10,61.0,Filter Coffee,None,1
2383,45,40731.0,17.5,20,58.0,Espresso,Standard,1
2384,54,86407.0,15.2,20,81.0,Matcha,None,1
2385,40,40526.0,16.9,19,62.0,Filter Coffee,None,1
2386,33,17642.0,16.7,21,68.0,Cappuccino,None,1
2387,45,36765.0,15.5,22,61.0,Espresso,Standard,1
2388,32,107564.0,11.3,9,88.0,Latte,None,1
2389,44,89975.0,10.8,7,75.0,Espresso,Standard,1
2390,46,34950.0,17.4,18,28.0,Cappuccino,None,1
2391,54,99575.0,14.6,23,51.0,Filter Coffee,None,1
2392,33,88998.0,13.0,8,104.0,Cappuccino,Standard,1
2393,56,95085.0,17.7,25,115.0,Latte,None,1
2394,48,30856.0,23.4,15,59.0,Matcha,None,1
2395,22,105249.0,17.9,10,59.0,Espresso,None,1
2396,44,84679.0,15.4,11,83.0,Filter Coffee,Gold,1
2397,55,94412.0,10.5,19,79.0,Matcha,None,1
2398,54,104703.0,10.7,22,80.0,Cappuccino,Standard,1
2399,58,97966.0,15.7,18,117.0,Filter Coffee,None,1
2400,39,44035.0,17.5,17,46.0,Matcha,None,1
2401,39,24343.0,10.6,21,34.0,Filter Coffee,None,0
2402,21,87798.0,15.7,11,62.0,Latte,Gold,1
2403,51,102248.0,10.6,22,85.0,Latte,None,1
2404,41,,18.5,16,55.0,Espresso,None,1
2405,26,103892.0,15.3,11,91.0,Espresso,None,1
2406,34,88785.0,11.8,8,68.0,Latte,None,1
2407,38,101620.0,14.6,5,102.0,Filter Coffee,None,1
2408,37,35309.0,21.9,27,55.0,Latte,Standard,1
2409,48,105003.0,9.0,23,112.0,Espresso,None,1
2410,32,95950.0,9.6,9,49.0,Latte,None,1
2411,25,89578.0,18.7,12,29.0,Latte,Standard,1
2412,39,28968.0,14.1,20,51.0,Filter Coffee,None,1
2413,50,101214.0,13.5,25,89.0,Matcha,None,1
2414,33,101077.0,15.4,8,66.0,Espresso,None,1
2415,47,30117.0,12.3,23,75.0,Filter Coffee,Standard,0
2416,53,96711.0,13.4,19,91.0,Latte,None,1
2417,33,98371.0,16.5,8,47.0,Latte,None,1
2418,36,91779.0,13.7,5,98.0,Matcha,None,1
2419,37,41562.0,16.4,24,70.0,Espresso,Standard,1
2420,36,95020.0,11.7,9,90.0,Espresso,None,1
2421,57,96980.0,10.8,20,78.0,Cappuccino,Standard,1
2422,42,39778.0,12.5,24,42.0,Espresso,Standard,0
2423,33,27968.0,10.7,24,43.0,Matcha,Standard,0
2424,43,26127.0,9.6,23,39.0,Cappuccino,None,0
2425,35,100703.0,18.5,12,84.0,Cappuccino,None,1
2426,58,,10.1,14,50.0,Latte,None,1
2427,31,102121.0,15.1,5,65.0,Latte,None,1
2428,36,108038.0,11.0,16,105.0,Espresso,None,1
2429,41,27824.0,17.1,27,15.0,Cappuccino,Standard,1
2430,54,89847.0,10.7,20,88.0,Latte,None,1
2431,25,104375.0,9.5,12,76.0,Matcha,None,1
2432,56,86194.0,10.6,21,73.0,Latte,Standard,1
2433,31,102942.0,15.2,11,98.0,Latte,Standard,1
2434,47,98319.0,16.0,22,83.0,Cappuccino,None,1
2435,32,102319.0,15.0,6,69.0,Cappuccino,Standard,1
2436,46,43374.0,13.6,22,56.0,Filter Coffee,None,0
2437,38,97506.0,12.9,9,64.0,Matcha,Standard,1
2438,35,108333.0,19.7,10,,Cappuccino,Standard,1
2439,34,38122.0,12.8,22,74.0,Espresso,Standard,0
2440,40,100341.0,20.2,12,102.0,Matcha,Standard,1
2441,53,89817.0,16.3,24,58.0,Matcha,None,1
2442,39,42510.0,13.3,20,63.0,Cappuccino,None,1
2443,33,,17.7,9,66.0,Matcha,Standard,1
2444,24,91156.0,18.0,8,,Cappuccino,None,1
2445,47,28401.0,10.2,23,29.0,Latte,Standard,0
2446,43,40067.0,16.4,26,60.0,Filter Coffee,None,0
2447,45,96164.0,12.9,21,72.0,Latte,None,1
2448,35,93878.0,15.0,7,76.0,Cappuccino,None,1
2449,38,92824.0,18.1,13,101.0,Cappuccino,None,1
2450,36,102470.0,9.5,10,69.0,Latte,Standard,1
2451,38,109092.0,16.2,15,106.0,Espresso,Standard,1
2452,37,96038.0,19.8,17,68.0,Espresso,Standard,1
2453,55,88889.0,12.7,24,70.0,Espresso,Standard,1
2454,41,100864.0,11.0,16,95.0,Cappuccino,Standard,1
2455,31,100462.0,19.0,7,93.0,Matcha,Standard,1
2456,52,92193.0,11.4,22,91.0,Cappuccino,None,1
2457,28,112470.0,12.9,7,81.0,Matcha,Standard,1
2458,38,24640.0,17.1,24,71.0,Latte,None,1
2459,46,107047.0,9.3,22,65.0,Filter Coffee,None,1
2460,46,39935.0,12.4,17,52.0,Matcha,Standard,1
2461,56,82180.0,12.2,24,82.0,Espresso,None,1
2462,37,26053.0,15.4,26,27.0,Cappuccino,None,1
2463,43,33864.0,13.0,18,48.0,Latte,None,1
2464,55,,12.5,21,51.0,Espresso,None,1
2465,44,21159.0,12.1,20,51.0,Latte,Gold,1
2466,47,105995.0,10.9,18,101.0,Filter Coffee,None,1
2467,23,88142.0,16.3,15,104.0,Cappuccino,None,1
2468,36,36737.0,14.6,22,40.0,Cappuccino,None,1
2469,55,94614.0,11.4,20,66.0,Filter Coffee,None,1
2470,32,92272.0,14.2,14,95.0,Cappuccino,Gold,1
2471,34,30085.0,13.2,23,59.0,Matcha,None,1
2472,46,87671.0,12.0,16,118.0,Latte,Standard,1
2473,38,94934.0,21.0,9,70.0,Espresso,Standard,1
2474,32,95257.0,16.4,11,106.0,Filter Coffee,Gold,1
2475,33,89993.0,13.5,2,54.0,Matcha,Standard,1
2476,52,38922.0,18.7,22,47.0,Espresso,Standard,1
2477,52,44043.0,15.4,18,27.0,Espresso,None,1
2478,29,41918.0,15.0,22,58.0,Filter Coffee,None,1
2479,35,85258.0,16.6,10,54.0,Matcha,None,1
2480,44,92529.0,9.4,19,119.0,Espresso,Standard,1
2481,54,88197.0,15.6,20,79.0,Espresso,None,1
2482,41,24264.0,14.2,26,48.0,Matcha,None,1
2483,34,83227.0,17.5,7,117.0,Cappuccino,None,1
2484,48,31201.0,10.4,23,13.0,Espresso,None,0
2485,36,95134.0,12.8,11,73.0,Latte,None,1
2486,48,99632.0,10.0,18,35.0,Matcha,Gold,1
2487,47,29947.0,16.2,21,74.0,Espresso,None,1
2488,37,110331.0,13.2,1,,Filter Coffee,Standard,1
2489,42,23766.0,14.7,28,19.0,Latte,Standard,0
2490,29,104087.0,16.7,13,,Espresso,None,1
2491,31,38708.0,14.0,22,69.0,Latte,None,0
2492,44,29307.0,11.4,23,41.0,Latte,None,1
2493,29,106238.0,11.8,13,112.0,Cappuccino,None,1
2494,48,100990.0,15.1,26,,Latte,Standard,1
2495,35,33636.0,16.6,26,78.0,Cappuccino,None,1
2496,36,94037.0,9.9,5,,Matcha,None,1
2497,36,82238.0,16.8,7,78.0,Cappuccino,Standard,1
2498,40,34181.0,14.3,24,49.0,Filter Coffee,Gold,1
2499,31,92661.0,12.5,12,104.0,Espresso,Standard,1
2500,54,94935.0,14.1,18,59.0,Matcha,Standard,1
